contestant_id,amounts_opened_per_round,bankers_offer,expected_value,gamma,decision,remaining_case_values
1.0,"25, 0.01, 200, 5, 400, 5000",21000.0,170639.3,0.1230666089230324,Deal,"[1, 10, 50, 75, 100, 300, 500, 750, 1000, 10000, 25000, 50000, 75000, 100000, 200000, 300000, 400000, 500000, 750000, 1000000]"
1.0,"750000, 1000000, 100, 750, 400000",37000.0,84129.06666666667,0.43980043361945453,Deal,"[1, 10, 50, 75, 300, 500, 1000, 10000, 25000, 50000, 75000, 100000, 200000, 300000, 500000]"
1.0,"50, 10, 100000, 75000",53000.0,98806.90909090909,0.5363997364924794,Deal,"[1, 75, 300, 500, 1000, 10000, 25000, 50000, 200000, 300000, 500000]"
1.0,"1000, 1, 200000",77000.0,110734.375,0.6953576971920418,Deal,"[75, 300, 500, 10000, 25000, 50000, 300000, 500000]"
1.0,"10000, 300000",63000.0,95979.16666666667,0.6563924462774039,Deal,"[75, 300, 500, 25000, 50000, 500000]"
1.0,25000,90000.0,110175.0,0.8168822328114363,Deal,"[75, 300, 500, 50000, 500000]"
1.0,300,138000.0,137643.75,1.0025882032420652,Deal,"[75, 500, 50000, 500000]"
1.0,500000,17000.0,16858.333333333332,1.0084033613445378,Deal,"[75, 500, 50000]"
1.0,75,25000.0,25250.0,0.9900990099009901,Deal,"[500, 50000]"
2.0,"200, 200000, 25, 50000, 25000, 750000",7000.0,119659.55049999998,0.05849930047998969,Deal,"[0.01, 1, 5, 10, 50, 75, 100, 300, 400, 500, 750, 1000, 5000, 10000, 75000, 100000, 300000, 400000, 500000, 1000000]"
2.0,"75000, 100000, 1000000, 400, 0.01",19000.0,81186.06666666667,0.23403030569284877,Deal,"[1, 5, 10, 50, 75, 100, 300, 500, 750, 1000, 5000, 10000, 300000, 400000, 500000]"
2.0,"1000, 100, 50, 75",36000.0,110596.90909090909,0.325506384363857,Deal,"[1, 5, 10, 300, 500, 750, 5000, 10000, 300000, 400000, 500000]"
2.0,"5, 500, 10",63000.0,152006.375,0.41445630158603547,Deal,"[1, 300, 750, 5000, 10000, 300000, 400000, 500000]"
2.0,"5000, 1",99000.0,201841.66666666666,0.4904834647619834,Deal,"[300, 750, 10000, 300000, 400000, 500000]"
2.0,300,162000.0,242150.0,0.6690068139582903,Deal,"[750, 10000, 300000, 400000, 500000]"
2.0,750,240000.0,302500.0,0.7933884297520661,Deal,"[10000, 300000, 400000, 500000]"
2.0,500000,189000.0,236666.66666666666,0.7985915492957747,Deal,"[10000, 300000, 400000]"
3.0,"100000, 300, 750, 200000, 50000, 10000",13000.0,152868.30049999998,0.0850405215304922,Deal,"[0.01, 1, 5, 10, 25, 50, 75, 100, 200, 400, 500, 1000, 5000, 25000, 75000, 300000, 400000, 500000, 750000, 1000000]"
3.0,"50, 1000, 75000, 25000, 750000",27000.0,147087.734,0.18356391295007646,Deal,"[0.01, 1, 5, 10, 25, 75, 100, 200, 400, 500, 5000, 300000, 400000, 500000, 1000000]"
3.0,"1, 400000, 100, 0.01",48000.0,164201.36363636365,0.2923240035101026,Deal,"[5, 10, 25, 75, 200, 400, 500, 5000, 300000, 500000, 1000000]"
3.0,"25, 300000, 400",76000.0,188223.75,0.4037747627491217,Deal,"[5, 10, 75, 200, 500, 5000, 500000, 1000000]"
3.0,"200, 5",124000.0,250930.83333333334,0.4941600773121411,Deal,"[10, 75, 500, 5000, 500000, 1000000]"
3.0,500000,121000.0,201117.0,0.6016398414853046,Deal,"[10, 75, 500, 5000, 1000000]"
3.0,500,201000.0,251271.25,0.7999323440306044,Deal,"[10, 75, 5000, 1000000]"
4.0,"500, 400, 0.01, 300000, 750000, 25",11000.0,118374.55,0.09292537965297439,Deal,"[1, 5, 10, 50, 75, 100, 200, 300, 750, 1000, 5000, 10000, 25000, 50000, 75000, 100000, 200000, 400000, 500000, 1000000]"
4.0,"10, 1000000, 750, 1, 100000",19000.0,84448.66666666667,0.22498875056247186,Deal,"[5, 50, 75, 100, 200, 300, 1000, 5000, 10000, 25000, 50000, 75000, 200000, 400000, 500000]"
4.0,"1000, 25000, 75, 75000",37000.0,105968.63636363637,0.34915991438290056,Deal,"[5, 50, 100, 200, 300, 5000, 10000, 50000, 200000, 400000, 500000]"
4.0,"50000, 400000, 300",32000.0,89419.375,0.3578642771770659,Deal,"[5, 50, 100, 200, 5000, 10000, 200000, 500000]"
4.0,"100, 500000",25000.0,35875.833333333336,0.696847924554598,Deal,"[5, 50, 200, 5000, 10000, 200000]"
4.0,10000,37000.0,41051.0,0.90131787288982,Deal,"[5, 50, 200, 5000, 200000]"
4.0,5000,50000.0,50063.75,0.9987266235549674,Deal,"[5, 50, 200, 200000]"
4.0,200,67000.0,66685.0,1.0047237009822299,Deal,"[5, 50, 200000]"
4.0,5,99000.0,100025.0,0.9897525618595351,Deal,"[50, 200000]"
5.0,"300000, 500, 0.01, 75000, 750, 10000",9000.0,151608.3,0.059363504504700605,Deal,"[1, 5, 10, 25, 50, 75, 100, 200, 300, 400, 1000, 5000, 25000, 50000, 100000, 200000, 400000, 500000, 750000, 1000000]"
5.0,"200000, 50000, 100000, 400, 1",28000.0,178784.33333333334,0.15661327521240676,Deal,"[5, 10, 25, 50, 75, 100, 200, 300, 1000, 5000, 25000, 400000, 500000, 750000, 1000000]"
5.0,"10, 5000, 400000, 5",58000.0,206977.27272727274,0.2802240035137806,Deal,"[25, 50, 75, 100, 200, 300, 1000, 25000, 500000, 750000, 1000000]"
5.0,"750000, 1000, 75",75000.0,190709.375,0.3932685532633097,Deal,"[25, 50, 100, 200, 300, 25000, 500000, 1000000]"
5.0,"100, 25000",113000.0,250095.83333333334,0.45182679972677137,Deal,"[25, 50, 200, 300, 500000, 1000000]"
5.0,25,199000.0,300110.0,0.6630902002599047,Deal,"[50, 200, 300, 500000, 1000000]"
5.0,300,275000.0,375062.5,0.733211131478087,Deal,"[50, 200, 500000, 1000000]"
5.0,500000,267000.0,333416.6666666667,0.8007998000499874,Deal,"[50, 200, 1000000]"
6.0,"300000, 5, 0.01, 200000, 100, 500000",9000.0,120915.55,0.07443211398368531,Deal,"[1, 10, 25, 50, 75, 200, 300, 400, 500, 750, 1000, 5000, 10000, 25000, 50000, 75000, 100000, 400000, 750000, 1000000]"
6.0,"25000, 100000, 500, 750, 400000",19000.0,126137.4,0.150629393026969,Deal,"[1, 10, 25, 50, 75, 200, 300, 400, 1000, 5000, 10000, 50000, 75000, 750000, 1000000]"
6.0,"1000, 1000000, 750000, 75",12000.0,12816.90909090909,0.9362631750670279,Deal,"[1, 10, 25, 50, 200, 300, 400, 5000, 10000, 50000, 75000]"
6.0,"50, 400, 10000",15000.0,16317.0,0.9192866335723479,Deal,"[1, 10, 25, 200, 300, 5000, 50000, 75000]"
6.0,"5000, 300",19000.0,20872.666666666668,0.9102813887380625,Deal,"[1, 10, 25, 200, 50000, 75000]"
6.0,1,23000.0,25047.0,0.9182736455463728,Deal,"[10, 25, 200, 50000, 75000]"
6.0,10,28000.0,31306.25,0.894390097823917,Deal,"[25, 200, 50000, 75000]"
6.0,25,35000.0,41733.333333333336,0.8386581469648562,Deal,"[200, 50000, 75000]"
6.0,75000,23000.0,25100.0,0.9163346613545816,Deal,"[200, 50000]"
7.0,"300000, 1000000, 500000, 25000, 5, 25",4000.0,79669.3005,0.0502075451258669,Deal,"[0.01, 1, 10, 50, 75, 100, 200, 300, 400, 500, 750, 1000, 5000, 10000, 50000, 75000, 100000, 200000, 400000, 750000]"
7.0,"500, 5000, 200000, 400000, 1000",13000.0,65792.40066666667,0.19759120914075984,Deal,"[0.01, 1, 10, 50, 75, 100, 200, 300, 400, 750, 10000, 50000, 75000, 100000, 750000]"
7.0,"300, 100, 0.01, 750000",9000.0,21498.727272727272,0.4186294326091185,Deal,"[1, 10, 50, 75, 200, 400, 750, 10000, 50000, 75000, 100000]"
7.0,"200, 50, 10000",18000.0,28279.5,0.6365034742481303,Deal,"[1, 10, 75, 400, 750, 50000, 75000, 100000]"
7.0,"750, 10",26000.0,37579.333333333336,0.6918696446628465,Deal,"[1, 75, 400, 50000, 75000, 100000]"
7.0,50000,22000.0,35095.2,0.6268663520937336,Deal,"[1, 75, 400, 75000, 100000]"
7.0,1,40000.0,43868.75,0.9118107992591538,Deal,"[75, 400, 75000, 100000]"
7.0,400,55000.0,58358.333333333336,0.9424532343281451,Deal,"[75, 75000, 100000]"
7.0,75,85000.0,87500.0,0.9714285714285714,Deal,"[75000, 100000]"
8.0,"0.01, 1, 400000, 25, 500, 10",25000.0,150894.0,0.16567921852426207,No Deal,"[5, 50, 75, 100, 200, 300, 400, 750, 1000, 5000, 10000, 25000, 50000, 75000, 100000, 200000, 300000, 500000, 750000, 1000000]"
8.0,"75, 750000, 300, 200000, 500000",15000.0,104500.33333333333,0.1435402119929442,No Deal,"[5, 50, 100, 200, 400, 750, 1000, 5000, 10000, 25000, 50000, 75000, 100000, 300000, 1000000]"
8.0,"1000000, 400, 750, 5",21000.0,51486.36363636364,0.40787498896442126,No Deal,"[50, 100, 200, 1000, 5000, 10000, 25000, 50000, 75000, 100000, 300000]"
8.0,"300000, 1000, 10000",13000.0,31918.75,0.4072841198355199,No Deal,"[50, 100, 200, 5000, 25000, 50000, 75000, 100000]"
8.0,"50, 200",30000.0,42516.666666666664,0.7056056448451588,No Deal,"[100, 5000, 25000, 50000, 75000, 100000]"
8.0,100000,16000.0,31020.0,0.5157962604771116,No Deal,"[100, 5000, 25000, 50000, 75000]"
8.0,75000,12000.0,20025.0,0.599250936329588,No Deal,"[100, 5000, 25000, 50000]"
8.0,100,24000.0,26666.666666666668,0.8999999999999999,No Deal,"[5000, 25000, 50000]"
8.0,5000,38000.0,37500.0,1.0133333333333334,No Deal,"[25000, 50000]"
9.0,"300, 100, 1000, 10, 500000, 5",21000.0,145850.05049999998,0.14398349488401446,Deal,"[0.01, 1, 25, 50, 75, 200, 400, 500, 750, 5000, 10000, 25000, 50000, 75000, 100000, 200000, 300000, 400000, 750000, 1000000]"
9.0,"75000, 300000, 400, 1000000, 25000",17000.0,101106.734,0.16813914689401402,Deal,"[0.01, 1, 25, 50, 75, 200, 500, 750, 5000, 10000, 50000, 100000, 200000, 400000, 750000]"
9.0,"100000, 75, 500, 200",33000.0,128711.45545454546,0.2563874356284781,Deal,"[0.01, 1, 25, 50, 750, 5000, 10000, 50000, 200000, 400000, 750000]"
9.0,"10000, 25, 400000",56000.0,125725.12625,0.44541613653778295,Deal,"[0.01, 1, 50, 750, 5000, 50000, 200000, 750000]"
9.0,"0.01, 50000",82000.0,159300.16666666666,0.5147515016201072,Deal,"[1, 50, 750, 5000, 200000, 750000]"
9.0,750000,37000.0,41160.2,0.8989266330095579,Deal,"[1, 50, 750, 5000, 200000]"
9.0,1,50000.0,51450.0,0.9718172983479106,Deal,"[50, 750, 5000, 200000]"
9.0,750,75000.0,68350.0,1.097293343087052,Deal,"[50, 5000, 200000]"
10.0,"100, 500, 500000, 400, 10000, 25",19000.0,145369.55049999998,0.13070137408177515,Deal,"[0.01, 1, 5, 10, 50, 75, 200, 300, 750, 1000, 5000, 25000, 50000, 75000, 100000, 200000, 300000, 400000, 750000, 1000000]"
10.0,"25000, 10, 75000, 5000, 200",35000.0,186812.0673333333,0.1873540638975353,Deal,"[0.01, 1, 5, 50, 75, 300, 750, 1000, 50000, 100000, 200000, 300000, 400000, 750000, 1000000]"
10.0,"1000, 300, 5, 1",126000.0,254625.0009090909,0.49484535905798954,Deal,"[0.01, 50, 75, 750, 50000, 100000, 200000, 300000, 400000, 750000, 1000000]"
10.0,"1000000, 50, 100000",98000.0,212603.12625,0.46095277020885295,Deal,"[0.01, 75, 750, 50000, 200000, 300000, 400000, 750000]"
10.0,"300000, 400000",60000.0,166804.16833333333,0.3597032412289537,Deal,"[0.01, 75, 750, 50000, 200000, 750000]"
10.0,200000,48000.0,160165.002,0.29969093997201707,Deal,"[0.01, 75, 750, 50000, 750000]"
10.0,750000,14000.0,12706.2525,1.1018197536999992,Deal,"[0.01, 75, 750, 50000]"
10.0,75,19000.0,16916.670000000002,1.1231524880487707,Deal,"[0.01, 750, 50000]"
11.0,"100, 400000, 400, 75000, 25, 100000",15000.0,142144.55049999998,0.10552638104828367,Deal,"[0.01, 1, 5, 10, 50, 75, 200, 300, 500, 750, 1000, 5000, 10000, 25000, 50000, 200000, 300000, 500000, 750000, 1000000]"
11.0,"300, 25000, 300000, 0.01, 1",37000.0,167839.33333333334,0.22044892138910624,Deal,"[5, 10, 50, 75, 200, 500, 750, 1000, 5000, 10000, 50000, 200000, 500000, 750000, 1000000]"
11.0,"750, 10000, 750000, 10",66000.0,159711.81818181818,0.41324430935264084,Deal,"[5, 50, 75, 200, 500, 1000, 5000, 50000, 200000, 500000, 1000000]"
11.0,"200000, 1000, 5",110000.0,194478.125,0.5656163128886603,Deal,"[50, 75, 200, 500, 5000, 50000, 500000, 1000000]"
11.0,"5000, 50",198000.0,258462.5,0.7660685786139189,Deal,"[75, 200, 500, 50000, 500000, 1000000]"
11.0,1000000,85000.0,110155.0,0.7716399618719078,Deal,"[75, 200, 500, 50000, 500000]"
11.0,75,139000.0,137675.0,1.009624114763029,Deal,"[200, 500, 50000, 500000]"
11.0,200,202000.0,183500.0,1.1008174386920981,Deal,"[500, 50000, 500000]"
11.0,500,300000.0,275000.0,1.0909090909090908,Deal,"[50000, 500000]"
12.0,"25, 100, 5, 400, 10, 25000",22000.0,169643.80049999998,0.1296834893769077,No Deal,"[0.01, 1, 50, 75, 200, 300, 500, 750, 1000, 5000, 10000, 50000, 75000, 100000, 200000, 300000, 400000, 500000, 750000, 1000000]"
12.0,"1, 200000, 50, 10000, 75",71000.0,212183.33399999997,0.3346162898920233,No Deal,"[0.01, 200, 300, 500, 750, 1000, 5000, 50000, 75000, 100000, 300000, 400000, 500000, 750000, 1000000]"
12.0,"400000, 500, 300, 200",187000.0,252886.36454545453,0.7394625658687425,No Deal,"[0.01, 750, 1000, 5000, 50000, 75000, 100000, 300000, 500000, 750000, 1000000]"
12.0,"500000, 750000, 100000",107000.0,178968.75125,0.5978697356530838,No Deal,"[0.01, 750, 1000, 5000, 50000, 75000, 300000, 1000000]"
12.0,"50000, 300000",95000.0,180291.66833333333,0.5269239609251309,No Deal,"[0.01, 750, 1000, 5000, 75000, 1000000]"
12.0,750,123000.0,216200.002,0.5689176635622788,No Deal,"[0.01, 1000, 5000, 75000, 1000000]"
12.0,1000000,19000.0,20250.0025,0.9382714891022853,No Deal,"[0.01, 1000, 5000, 75000]"
12.0,75000,2000.0,2000.0033333333333,0.9999983333361111,No Deal,"[0.01, 1000, 5000]"
12.0,1000,2800.0,2500.005,1.11999776000448,No Deal,"[0.01, 5000]"
13.0,"500, 75, 75000, 1000000, 1000, 50000",13000.0,114592.05049999998,0.1134459148193705,Deal,"[0.01, 1, 5, 10, 25, 50, 100, 200, 300, 400, 750, 5000, 10000, 25000, 100000, 200000, 300000, 400000, 500000, 750000]"
13.0,"750, 10000, 300, 200, 5000",37000.0,151706.0673333333,0.2438926843888349,Deal,"[0.01, 1, 5, 10, 25, 50, 100, 400, 25000, 100000, 200000, 300000, 400000, 500000, 750000]"
13.0,"0.01, 400, 25000, 750000",52000.0,136381.0,0.38128478307095565,Deal,"[1, 5, 10, 25, 50, 100, 100000, 200000, 300000, 400000, 500000]"
13.0,"100, 5, 500000",88000.0,125010.75,0.7039394612063362,Deal,"[1, 10, 25, 50, 100000, 200000, 300000, 400000]"
13.0,"100000, 10",109000.0,150012.66666666666,0.7266053088850275,Deal,"[1, 25, 50, 200000, 300000, 400000]"
13.0,25,164000.0,180010.2,0.9110594844069947,Deal,"[1, 50, 200000, 300000, 400000]"
13.0,50,221000.0,225000.25,0.9822211308654102,Deal,"[1, 200000, 300000, 400000]"
13.0,1,330000.0,300000.0,1.1,Deal,"[200000, 300000, 400000]"
14.0,"750, 1000, 25000, 5, 50, 1",26000.0,169580.5005,0.15331951446858716,Deal,"[0.01, 10, 25, 75, 100, 200, 300, 400, 500, 5000, 10000, 50000, 75000, 100000, 200000, 300000, 400000, 500000, 750000, 1000000]"
14.0,"75000, 400000, 10000, 100000, 10",48000.0,187106.66733333332,0.2565381591372545,Deal,"[0.01, 25, 75, 100, 200, 300, 400, 500, 5000, 50000, 200000, 300000, 500000, 750000, 1000000]"
14.0,"100, 25, 200, 750000",39000.0,186934.09181818183,0.20862968129929274,Deal,"[0.01, 75, 300, 400, 500, 5000, 50000, 200000, 300000, 500000, 1000000]"
14.0,"75, 50000, 500",90000.0,250712.50125,0.3589769140002148,Deal,"[0.01, 300, 400, 5000, 200000, 300000, 500000, 1000000]"
14.0,"300, 5000",179000.0,333400.00166666665,0.5368926187917786,Deal,"[0.01, 400, 200000, 300000, 500000, 1000000]"
14.0,300000,199000.0,340080.002,0.5851564303390001,Deal,"[0.01, 400, 200000, 500000, 1000000]"
14.0,1000000,109000.0,175100.0025,0.6225014188677696,Deal,"[0.01, 400, 200000, 500000]"
14.0,200000,183000.0,166800.00333333333,1.0971222802333678,Deal,"[0.01, 400, 500000]"
14.0,0.01,225000.0,250200.0,0.8992805755395683,Deal,"[400, 500000]"
15.0,"100000, 50000, 0.01, 10000, 75000, 300000",9000.0,144170.8,0.06242595588010887,No Deal,"[1, 5, 10, 25, 50, 75, 100, 200, 300, 400, 500, 750, 1000, 5000, 25000, 200000, 400000, 500000, 750000, 1000000]"
15.0,"5, 5000, 400000, 1000000, 500000",7000.0,65227.4,0.10731686377197312,No Deal,"[1, 10, 25, 50, 75, 100, 200, 300, 400, 500, 750, 1000, 25000, 200000, 750000]"
15.0,"1000, 25, 200000, 10",16000.0,70670.54545454546,0.2264026674350636,No Deal,"[1, 50, 75, 100, 200, 300, 400, 500, 750, 25000, 750000]"
15.0,"50, 25000, 750000",250.0,290.75,0.8598452278589854,No Deal,"[1, 75, 100, 200, 300, 400, 500, 750]"
15.0,"200, 1",300.0,354.1666666666667,0.8470588235294118,No Deal,"[75, 100, 300, 400, 500, 750]"
15.0,300,350.0,365.0,0.958904109589041,No Deal,"[75, 100, 400, 500, 750]"
15.0,100,400.0,431.25,0.927536231884058,No Deal,"[75, 400, 500, 750]"
15.0,400,450.0,441.6666666666667,1.0188679245283019,No Deal,"[75, 500, 750]"
15.0,75,650.0,625.0,1.04,No Deal,"[500, 750]"
16.0,"750, 0.01, 50, 10000, 400000, 400",19000.0,150360.8,0.12636272219887099,Deal,"[1, 5, 10, 25, 75, 100, 200, 300, 500, 1000, 5000, 25000, 50000, 75000, 100000, 200000, 300000, 500000, 750000, 1000000]"
16.0,"25, 1000000, 1, 500, 200000",28000.0,120446.0,0.23246932235192536,Deal,"[5, 10, 75, 100, 200, 300, 1000, 5000, 25000, 50000, 75000, 100000, 300000, 500000, 750000]"
16.0,"1000, 25000, 750000, 50000",34000.0,89153.63636363637,0.38136414157378984,Deal,"[5, 10, 75, 100, 200, 300, 5000, 75000, 100000, 300000, 500000]"
16.0,"100000, 75, 75000",55000.0,100701.875,0.5461665932238103,Deal,"[5, 10, 100, 200, 300, 5000, 300000, 500000]"
16.0,"100, 500000",34000.0,50919.166666666664,0.6677249889530793,Deal,"[5, 10, 200, 300, 5000, 300000]"
16.0,5000,52000.0,60103.0,0.8651814385305227,Deal,"[5, 10, 200, 300, 300000]"
16.0,300,76000.0,75053.75,1.0126076311976417,Deal,"[5, 10, 200, 300000]"
16.0,300000,50.0,71.66666666666667,0.6976744186046511,Deal,"[5, 10, 200]"
16.0,200,8.0,7.5,1.0666666666666667,Deal,"[5, 10]"
17.0,"25000, 75, 500, 1, 750, 10",26000.0,169604.0005,0.1532982708152571,Deal,"[0.01, 5, 25, 50, 100, 200, 300, 400, 1000, 5000, 10000, 50000, 75000, 100000, 200000, 300000, 400000, 500000, 750000, 1000000]"
17.0,"100000, 75000, 500000, 50, 750000",19000.0,131135.334,0.14488848596671894,Deal,"[0.01, 5, 25, 100, 200, 300, 400, 1000, 5000, 10000, 50000, 200000, 300000, 400000, 1000000]"
17.0,"400000, 25, 50000, 1000000",15000.0,47000.45545454545,0.31914584348031755,Deal,"[0.01, 5, 100, 200, 300, 400, 1000, 5000, 10000, 200000, 300000]"
17.0,"0.01, 5000, 10000",38000.0,62750.625,0.6055716576528122,Deal,"[5, 100, 200, 300, 400, 1000, 200000, 300000]"
17.0,"1000, 300000",20000.0,33500.833333333336,0.5970000746250093,Deal,"[5, 100, 200, 300, 400, 200000]"
17.0,200000,100.0,201.0,0.4975124378109453,Deal,"[5, 100, 200, 300, 400]"
17.0,200,150.0,201.25,0.7453416149068323,Deal,"[5, 100, 300, 400]"
17.0,300,125.0,168.33333333333334,0.7425742574257426,Deal,"[5, 100, 400]"
17.0,400,50.0,52.5,0.9523809523809523,Deal,"[5, 100]"
18.0,"25000, 25, 300, 100000, 5, 1000000",9000.0,114654.30049999998,0.0784968375433942,Deal,"[0.01, 1, 10, 50, 75, 100, 200, 400, 500, 750, 1000, 5000, 10000, 50000, 75000, 200000, 300000, 400000, 500000, 750000]"
18.0,"100, 400, 1000, 50, 200",21000.0,152755.734,0.13747438115809127,Deal,"[0.01, 1, 10, 75, 500, 750, 5000, 10000, 50000, 75000, 200000, 300000, 400000, 500000, 750000]"
18.0,"50000, 75000, 1, 500000",74000.0,151485.00090909092,0.4884972080134114,Deal,"[0.01, 10, 75, 500, 750, 5000, 10000, 200000, 300000, 400000, 750000]"
18.0,"750000, 0.01, 300000",48000.0,77041.875,0.6230377960037966,Deal,"[10, 75, 500, 750, 5000, 10000, 200000, 400000]"
18.0,"200000, 10",35000.0,69387.5,0.5044136191677175,Deal,"[75, 500, 750, 5000, 10000, 400000]"
18.0,5000,69000.0,82265.0,0.8387528110375008,Deal,"[75, 500, 750, 10000, 400000]"
19.0,"100, 10, 1000000, 200000, 50, 0.01",13000.0,110912.8,0.11720919497118457,Deal,"[1, 5, 25, 75, 200, 300, 400, 500, 750, 1000, 5000, 10000, 25000, 50000, 75000, 100000, 300000, 400000, 500000, 750000]"
19.0,"500000, 750000, 5, 75, 50000",17000.0,61211.73333333333,0.2777245321158471,Deal,"[1, 25, 200, 300, 400, 500, 750, 1000, 5000, 10000, 25000, 75000, 100000, 300000, 400000]"
19.0,"1000, 100000, 5000, 750",31000.0,73766.0,0.42024781064447037,Deal,"[1, 25, 200, 300, 400, 500, 10000, 25000, 75000, 300000, 400000]"
19.0,"25000, 300, 25",60000.0,98262.625,0.6106085604775977,Deal,"[1, 200, 400, 500, 10000, 75000, 300000, 400000]"
19.0,"75000, 1",94000.0,118516.66666666667,0.793137392771762,Deal,"[200, 400, 500, 10000, 300000, 400000]"
19.0,200,112000.0,142180.0,0.787733858489239,Deal,"[400, 500, 10000, 300000, 400000]"
19.0,400,130000.0,177625.0,0.7318789584799437,Deal,"[500, 10000, 300000, 400000]"
19.0,500,209000.0,236666.66666666666,0.8830985915492958,Deal,"[10000, 300000, 400000]"
19.0,10000,347000.0,350000.0,0.9914285714285714,Deal,"[300000, 400000]"
20.0,"300, 25, 10, 200, 25000, 5",22000.0,169643.80049999998,0.1296834893769077,Deal,"[0.01, 1, 50, 75, 100, 400, 500, 750, 1000, 5000, 10000, 50000, 75000, 100000, 200000, 300000, 400000, 500000, 750000, 1000000]"
20.0,"50, 750, 1, 10000, 500000",67000.0,192138.33399999997,0.3487070935048287,Deal,"[0.01, 75, 100, 400, 500, 1000, 5000, 50000, 75000, 100000, 200000, 300000, 400000, 750000, 1000000]"
20.0,"1000000, 0.01, 500, 100",130000.0,171043.18181818182,0.7600419883336212,Deal,"[75, 400, 1000, 5000, 50000, 75000, 100000, 200000, 300000, 400000, 750000]"
20.0,"750000, 200000, 75",91000.0,116425.0,0.7816190680695727,Deal,"[400, 1000, 5000, 50000, 75000, 100000, 300000, 400000]"
20.0,"400, 100000",103000.0,138500.0,0.7436823104693141,Deal,"[1000, 5000, 50000, 75000, 300000, 400000]"
20.0,400000,55000.0,86200.0,0.6380510440835266,Deal,"[1000, 5000, 50000, 75000, 300000]"
20.0,75000,80000.0,89000.0,0.898876404494382,Deal,"[1000, 5000, 50000, 300000]"
20.0,300000,21000.0,18666.666666666668,1.125,Deal,"[1000, 5000, 50000]"
21.0,"0.01, 400, 300000, 25000, 10000, 100",12000.0,154145.8,0.07784837472055678,Deal,"[1, 5, 10, 25, 50, 75, 200, 300, 500, 750, 1000, 5000, 50000, 75000, 100000, 200000, 400000, 500000, 750000, 1000000]"
21.0,"750, 75000, 10, 1000000, 1000",21000.0,133743.73333333334,0.15701670258942974,Deal,"[1, 5, 25, 50, 75, 200, 300, 500, 5000, 50000, 100000, 200000, 400000, 500000, 750000]"
21.0,"500, 1, 500000, 400000",17000.0,100514.09090909091,0.16913051539585133,Deal,"[5, 25, 50, 75, 200, 300, 5000, 50000, 100000, 200000, 750000]"
21.0,"5000, 300, 200",45935.0,137519.375,0.33402566002063344,Deal,"[5, 25, 50, 75, 50000, 100000, 200000, 750000]"
21.0,"75, 50",99000.0,183338.33333333334,0.5399852731289146,Deal,"[5, 25, 50000, 100000, 200000, 750000]"
21.0,5,148990.0,220005.0,0.6772118815481466,Deal,"[25, 50000, 100000, 200000, 750000]"
21.0,200000,126000.0,225006.25,0.5599844448765312,Deal,"[25, 50000, 100000, 750000]"
21.0,25,252000.0,300000.0,0.84,Deal,"[50000, 100000, 750000]"
21.0,100000,440000.0,400000.0,1.1,Deal,"[50000, 750000]"
22.0,"200000, 5000, 75, 1000000, 50000, 5",9000.0,108166.80049999998,0.08320482771421164,Deal,"[0.01, 1, 10, 25, 50, 100, 200, 300, 400, 500, 750, 1000, 10000, 25000, 75000, 100000, 300000, 400000, 500000, 750000]"
22.0,"1000, 300000, 400, 500000, 25",16000.0,90794.06733333334,0.1762229677546993,Deal,"[0.01, 1, 10, 50, 100, 200, 300, 500, 750, 10000, 25000, 75000, 100000, 400000, 750000]"
22.0,"100, 75000, 25000, 500",31000.0,114664.63727272727,0.2703536219825751,Deal,"[0.01, 1, 10, 50, 200, 300, 750, 10000, 100000, 400000, 750000]"
22.0,"10000, 1, 50",73000.0,156407.50125,0.46672953289700353,Deal,"[0.01, 10, 200, 300, 750, 100000, 400000, 750000]"
22.0,"750, 200",145000.0,208385.00166666668,0.6958274292309312,Deal,"[0.01, 10, 300, 100000, 400000, 750000]"
22.0,100000,172000.0,230062.002,0.7476245468819314,Deal,"[0.01, 10, 300, 400000, 750000]"
22.0,300,199000.0,287502.5025,0.6921678881734256,Deal,"[0.01, 10, 400000, 750000]"
22.0,10,375000.0,383333.33666666667,0.9782608610586012,Deal,"[0.01, 400000, 750000]"
23.0,"5000, 75000, 1000000, 5, 50000, 400000",6000.0,94420.5505,0.06354548843686311,Deal,"[0.01, 1, 10, 25, 50, 75, 100, 200, 300, 400, 500, 750, 1000, 10000, 25000, 100000, 200000, 300000, 500000, 750000]"
23.0,"25000, 300000, 1000, 100000, 750",11000.0,97444.06733333334,0.11288527153091399,Deal,"[0.01, 1, 10, 25, 50, 75, 100, 200, 300, 400, 500, 10000, 200000, 500000, 750000]"
23.0,"300, 500, 50, 200000",26000.0,114619.18272727272,0.22683812064743947,Deal,"[0.01, 1, 10, 25, 75, 100, 200, 400, 10000, 500000, 750000]"
23.0,"10, 500000, 25",21000.0,95097.00125,0.22082715252811402,Deal,"[0.01, 1, 75, 100, 200, 400, 10000, 750000]"
23.0,"1, 75",63000.0,126783.335,0.49691073357551285,Deal,"[0.01, 100, 200, 400, 10000, 750000]"
23.0,10000,96000.0,150140.002,0.6394032151404926,Deal,"[0.01, 100, 200, 400, 750000]"
23.0,0.01,175000.0,187675.0,0.9324630345011323,Deal,"[100, 200, 400, 750000]"
23.0,200,210000.0,250166.66666666666,0.8394403730846103,Deal,"[100, 400, 750000]"
23.0,100,400000.0,375200.0,1.0660980810234542,Deal,"[400, 750000]"
24.0,"400, 5000, 0.01, 200, 100000, 50000",21000.0,163140.8,0.12872316428508382,Deal,"[1, 5, 10, 25, 50, 75, 100, 300, 500, 750, 1000, 10000, 25000, 75000, 200000, 300000, 400000, 500000, 750000, 1000000]"
24.0,"1000000, 10, 10000, 400000, 25000",18000.0,121853.73333333334,0.14771808386666857,Deal,"[1, 5, 25, 50, 75, 100, 300, 500, 750, 1000, 75000, 200000, 300000, 500000, 750000]"
24.0,"300000, 100, 75, 750000",26000.0,70693.72727272728,0.3677836917509718,Deal,"[1, 5, 25, 50, 300, 500, 750, 1000, 75000, 200000, 500000]"
24.0,"750, 1, 500000",9000.0,34610.0,0.2600404507367813,Deal,"[5, 25, 50, 300, 500, 1000, 75000, 200000]"
24.0,"25, 5",29000.0,46141.666666666664,0.6284991872855337,Deal,"[50, 300, 500, 1000, 75000, 200000]"
24.0,300,47925.0,55310.0,0.8664798408967637,Deal,"[50, 500, 1000, 75000, 200000]"
25.0,"400000, 750, 0.01, 10, 100, 300",22000.0,150862.8,0.1458278647884038,Deal,"[1, 5, 25, 50, 75, 200, 400, 500, 1000, 5000, 10000, 25000, 50000, 75000, 100000, 200000, 300000, 500000, 750000, 1000000]"
25.0,"75, 500000, 25, 1, 200",50000.0,167797.0,0.29797910570510794,Deal,"[5, 50, 400, 500, 1000, 5000, 10000, 25000, 50000, 75000, 100000, 200000, 300000, 750000, 1000000]"
25.0,"5, 750000, 300000, 400",44000.0,133322.72727272726,0.33002625208823433,Deal,"[50, 500, 1000, 5000, 10000, 25000, 50000, 75000, 100000, 200000, 1000000]"
25.0,"50, 10000, 1000",87000.0,181937.5,0.47818619031260734,Deal,"[500, 5000, 25000, 50000, 75000, 100000, 200000, 1000000]"
25.0,"50000, 5000",131000.0,233416.66666666666,0.5612281328097108,Deal,"[500, 25000, 75000, 100000, 200000, 1000000]"
25.0,25000,211000.0,275100.0,0.7669938204289349,Deal,"[500, 75000, 100000, 200000, 1000000]"
25.0,100000,340000.0,318875.0,1.0662485299882398,Deal,"[500, 75000, 200000, 1000000]"
25.0,500,468000.0,425000.0,1.1011764705882352,Deal,"[75000, 200000, 1000000]"
25.0,75000,660000.0,600000.0,1.1,Deal,"[200000, 1000000]"
26.0,"200, 0.01, 300000, 1000, 750000, 75",14000.0,118357.05,0.11828615194447648,Deal,"[1, 5, 10, 25, 50, 100, 300, 400, 500, 750, 5000, 10000, 25000, 50000, 75000, 100000, 200000, 400000, 500000, 1000000]"
26.0,"50000, 400000, 400, 25000, 100",36000.0,126109.4,0.28546642835506314,Deal,"[1, 5, 10, 25, 50, 300, 500, 750, 5000, 10000, 75000, 100000, 200000, 500000, 1000000]"
26.0,"500, 750, 10, 5000",61000.0,171398.27272727274,0.3558962352967384,Deal,"[1, 5, 25, 50, 300, 10000, 75000, 100000, 200000, 500000, 1000000]"
26.0,"1, 50, 100000",88000.0,223166.25,0.39432485870959433,Deal,"[5, 25, 300, 10000, 75000, 200000, 500000, 1000000]"
26.0,"5, 75000",127000.0,285054.1666666667,0.4455293584552643,Deal,"[25, 300, 10000, 200000, 500000, 1000000]"
26.0,500000,119000.0,242065.0,0.491603494929048,Deal,"[25, 300, 10000, 200000, 1000000]"
27.0,"400, 5000, 200000, 500000, 1000, 25000",14000.0,134350.80049999998,0.10420481268364308,Deal,"[0.01, 1, 5, 10, 25, 50, 75, 100, 200, 300, 500, 750, 10000, 50000, 75000, 100000, 300000, 400000, 750000, 1000000]"
27.0,"50000, 500, 100, 10, 750",31000.0,175710.40066666665,0.17642666502598722,Deal,"[0.01, 1, 5, 25, 50, 75, 200, 300, 10000, 75000, 100000, 300000, 400000, 750000, 1000000]"
27.0,"10000, 300, 100000, 750000",27000.0,161396.00090909092,0.16729039039330482,Deal,"[0.01, 1, 5, 25, 50, 75, 200, 75000, 300000, 400000, 1000000]"
27.0,"75000, 5, 0.01",83000.0,212543.875,0.3905076069587985,Deal,"[1, 25, 50, 75, 200, 300000, 400000, 1000000]"
27.0,"1, 75",160000.0,283379.1666666667,0.5646145476467042,Deal,"[25, 50, 200, 300000, 400000, 1000000]"
27.0,300000,148000.0,280055.0,0.5284676224313082,Deal,"[25, 50, 200, 400000, 1000000]"
27.0,200,301000.0,350018.75,0.8599539310394086,Deal,"[25, 50, 400000, 1000000]"
28.0,"50000, 200000, 5, 400000, 10000, 75000",8000.0,134170.55049999998,0.059625603160955956,Deal,"[0.01, 1, 10, 25, 50, 75, 100, 200, 300, 400, 500, 750, 1000, 5000, 25000, 100000, 300000, 500000, 750000, 1000000]"
28.0,"400, 750, 1000000, 200, 50",13000.0,112134.06733333334,0.11593265373453174,Deal,"[0.01, 1, 10, 25, 75, 100, 300, 500, 1000, 5000, 25000, 100000, 300000, 500000, 750000]"
28.0,"300000, 5000, 25000, 500000",19000.0,77455.54636363637,0.24530199439558883,Deal,"[0.01, 1, 10, 25, 75, 100, 300, 500, 1000, 100000, 750000]"
28.0,"300, 10, 75",71000.0,106453.25125,0.6669594321103461,Deal,"[0.01, 1, 25, 100, 500, 1000, 100000, 750000]"
28.0,"500, 25",99000.0,141850.16833333333,0.6979195101648393,Deal,"[0.01, 1, 100, 1000, 100000, 750000]"
28.0,100,167000.0,170200.202,0.9811974253708583,Deal,"[0.01, 1, 1000, 100000, 750000]"
28.0,100000,142000.0,187750.2525,0.7563238829732066,Deal,"[0.01, 1, 1000, 750000]"
29.0,"750000, 400, 750, 10000, 300000, 200",15000.0,117853.30049999998,0.1272768767303212,Deal,"[0.01, 1, 5, 10, 25, 50, 75, 100, 300, 500, 1000, 5000, 25000, 50000, 75000, 100000, 200000, 400000, 500000, 1000000]"
29.0,"200000, 500, 25000, 75000, 0.01",33000.0,137104.4,0.24069249418691158,Deal,"[1, 5, 10, 25, 50, 75, 100, 300, 1000, 5000, 50000, 100000, 400000, 500000, 1000000]"
29.0,"50, 75, 100, 5",102000.0,186939.63636363635,0.5456306751425838,Deal,"[1, 10, 25, 300, 1000, 5000, 50000, 100000, 400000, 500000, 1000000]"
29.0,"1, 50000, 1000",185000.0,250666.875,0.7380313015032401,Deal,"[10, 25, 300, 5000, 100000, 400000, 500000, 1000000]"
29.0,"10, 25",303000.0,334216.6666666667,0.9065975165810601,Deal,"[300, 5000, 100000, 400000, 500000, 1000000]"
29.0,100000,349000.0,381060.0,0.9158662677793523,Deal,"[300, 5000, 400000, 500000, 1000000]"
29.0,300,464000.0,476250.0,0.9742782152230971,Deal,"[5000, 400000, 500000, 1000000]"
29.0,500000,430000.0,468333.3333333333,0.9181494661921709,Deal,"[5000, 400000, 1000000]"
30.0,"100000, 50000, 1, 300000, 25, 200000",11000.0,138419.5005,0.0794685716988265,Deal,"[0.01, 5, 10, 50, 75, 100, 200, 300, 400, 500, 750, 1000, 5000, 10000, 25000, 75000, 400000, 500000, 750000, 1000000]"
30.0,"750, 500, 75000, 300, 0.01",37000.0,179456.0,0.20617867332382311,Deal,"[5, 10, 50, 75, 100, 200, 400, 1000, 5000, 10000, 25000, 400000, 500000, 750000, 1000000]"
30.0,"75, 25000, 400000, 10",48000.0,206068.63636363635,0.2329320989696725,Deal,"[5, 50, 100, 200, 400, 1000, 5000, 10000, 500000, 750000, 1000000]"
30.0,"200, 100, 5000",175000.0,282681.875,0.6190704656957579,Deal,"[5, 50, 400, 1000, 10000, 500000, 750000, 1000000]"
30.0,"5, 750000",149000.0,251908.33333333334,0.591484997849747,Deal,"[50, 400, 1000, 10000, 500000, 1000000]"
30.0,50,263000.0,302280.0,0.8700542543337303,Deal,"[400, 1000, 10000, 500000, 1000000]"
30.0,10000,357000.0,375350.0,0.9511122951911549,Deal,"[400, 1000, 500000, 1000000]"
30.0,500000,215000.0,333800.0,0.6440982624325944,Deal,"[400, 1000, 1000000]"
30.0,1000,500000.0,500200.0,0.9996001599360256,Deal,"[400, 1000000]"
31.0,"10000, 0.01, 1, 500, 1000, 200",29000.0,170335.75,0.17025198761857097,Deal,"[5, 10, 25, 50, 75, 100, 300, 400, 750, 5000, 25000, 50000, 75000, 100000, 200000, 300000, 400000, 500000, 750000, 1000000]"
31.0,"25, 400000, 400, 10, 5",66000.0,200418.33333333334,0.3293111907593284,Deal,"[50, 75, 100, 300, 750, 5000, 25000, 50000, 75000, 100000, 200000, 300000, 500000, 750000, 1000000]"
31.0,"50000, 1000000, 300, 500000",43000.0,132361.36363636365,0.3248682154569961,Deal,"[50, 75, 100, 750, 5000, 25000, 75000, 100000, 200000, 300000, 750000]"
31.0,"750000, 750, 75000",37000.0,78778.125,0.46967352929509304,Deal,"[50, 75, 100, 5000, 25000, 100000, 200000, 300000]"
31.0,"100000, 100",50000.0,88354.16666666667,0.5659042678613534,Deal,"[50, 75, 5000, 25000, 200000, 300000]"
31.0,50,81000.0,106015.0,0.7640428241286611,Deal,"[75, 5000, 25000, 200000, 300000]"
31.0,25000,124000.0,126268.75,0.9820323714299857,Deal,"[75, 5000, 200000, 300000]"
31.0,200000,63000.0,101691.66666666667,0.6195197902155207,Deal,"[75, 5000, 300000]"
31.0,75,140000.0,152500.0,0.9180327868852459,Deal,"[5000, 300000]"
32.0,"750, 50000, 400000, 500000, 75, 1000000",5000.0,73379.5505,0.06813887474004082,Deal,"[0.01, 1, 5, 10, 25, 50, 100, 200, 300, 400, 500, 1000, 5000, 10000, 25000, 75000, 100000, 200000, 300000, 750000]"
32.0,"200000, 5000, 75000, 400, 50",16000.0,79142.734,0.20216637954407793,Deal,"[0.01, 1, 5, 10, 25, 100, 200, 300, 500, 1000, 10000, 25000, 100000, 300000, 750000]"
32.0,"100, 25, 10, 200",60000.0,107891.45545454546,0.5561144740074243,Deal,"[0.01, 1, 5, 300, 500, 1000, 10000, 25000, 100000, 300000, 750000]"
32.0,"750000, 5, 300",42000.0,54562.62625,0.7697576690601472,Deal,"[0.01, 1, 500, 1000, 10000, 25000, 100000, 300000]"
32.0,"0.01, 300000",19000.0,22750.166666666668,0.8351587167859575,Deal,"[1, 500, 1000, 10000, 25000, 100000]"
32.0,1000,25000.0,27100.2,0.9225024169563324,Deal,"[1, 500, 10000, 25000, 100000]"
32.0,10000,34000.0,31375.25,1.083656703930646,Deal,"[1, 500, 25000, 100000]"
32.0,25000,37000.0,33500.333333333336,1.1044666222226645,Deal,"[1, 500, 100000]"
32.0,1,51000.0,50250.0,1.0149253731343284,Deal,"[500, 100000]"
33.0,"10000, 500000, 1, 400000, 50000, 1000",9000.0,122870.7505,0.07324770104663762,Deal,"[0.01, 5, 10, 25, 50, 75, 100, 200, 300, 400, 500, 750, 5000, 25000, 75000, 100000, 200000, 300000, 750000, 1000000]"
33.0,"75, 1000000, 300000, 25, 10",9000.0,77153.66733333333,0.11665032021247364,Deal,"[0.01, 5, 50, 100, 200, 300, 400, 500, 750, 5000, 25000, 75000, 100000, 200000, 750000]"
33.0,"750000, 50, 100, 5000",15000.0,36559.546363636364,0.41028955476645684,Deal,"[0.01, 5, 200, 300, 400, 500, 750, 25000, 75000, 100000, 200000]"
33.0,"25000, 5, 200",40000.0,47118.75125,0.8489189322478066,Deal,"[0.01, 300, 400, 500, 750, 75000, 100000, 200000]"
33.0,"300, 750",57000.0,62650.00166666667,0.9098164163390152,Deal,"[0.01, 400, 500, 75000, 100000, 200000]"
33.0,400,68000.0,75100.00200000001,0.9054593633699236,Deal,"[0.01, 500, 75000, 100000, 200000]"
33.0,0.01,100000.0,93875.0,1.0652463382157125,Deal,"[500, 75000, 100000, 200000]"
33.0,100000,75000.0,91833.33333333333,0.8166969147005445,Deal,"[500, 75000, 200000]"
34.0,"1000000, 500, 200, 750, 10, 300",13000.0,120832.80049999998,0.10758668131671749,Deal,"[0.01, 1, 5, 25, 50, 75, 100, 400, 1000, 5000, 10000, 25000, 50000, 75000, 100000, 200000, 300000, 400000, 500000, 750000]"
34.0,"400000, 10000, 0.01, 750000, 200000",8000.0,70443.73333333334,0.11356581517542132,Deal,"[1, 5, 25, 50, 75, 100, 400, 1000, 5000, 25000, 50000, 75000, 100000, 300000, 500000]"
34.0,"25, 75, 50, 1",52000.0,96045.90909090909,0.5414077548142224,Deal,"[5, 100, 400, 1000, 5000, 25000, 50000, 75000, 100000, 300000, 500000]"
34.0,"5000, 500000, 50000",37000.0,62688.125,0.5902234274832754,Deal,"[5, 100, 400, 1000, 25000, 75000, 100000, 300000]"
34.0,"300000, 100000",15000.0,16917.5,0.8866558297620807,Deal,"[5, 100, 400, 1000, 25000, 75000]"
34.0,1000,20000.0,20101.0,0.9949753743594846,Deal,"[5, 100, 400, 25000, 75000]"
34.0,75000,6000.0,6376.25,0.9409919623603215,Deal,"[5, 100, 400, 25000]"
34.0,400,9000.0,8368.333333333334,1.0754829715196175,Deal,"[5, 100, 25000]"
35.0,"100, 50, 100000, 75, 200000, 50000",14000.0,153409.55049999998,0.09125898586085748,Deal,"[0.01, 1, 5, 10, 25, 200, 300, 400, 500, 750, 1000, 5000, 10000, 25000, 75000, 300000, 400000, 500000, 750000, 1000000]"
35.0,"5, 75000, 5000, 500, 25000",83000.0,197512.40066666665,0.42022677927992785,Deal,"[0.01, 1, 10, 25, 200, 300, 400, 750, 1000, 10000, 300000, 400000, 500000, 750000, 1000000]"
35.0,"300, 500000, 10, 400000",76000.0,187488.72818181818,0.40535770196434745,Deal,"[0.01, 1, 25, 200, 400, 750, 1000, 10000, 300000, 750000, 1000000]"
35.0,"0.01, 1, 750000",61000.0,164046.875,0.371844937613106,Deal,"[25, 200, 400, 750, 1000, 10000, 300000, 1000000]"
35.0,"200, 25",122000.0,218691.66666666666,0.5578630491940708,Deal,"[400, 750, 1000, 10000, 300000, 1000000]"
35.0,750,237000.0,262280.0,0.9036144578313253,Deal,"[400, 1000, 10000, 300000, 1000000]"
35.0,10000,340000.0,325350.0,1.045028430920547,Deal,"[400, 1000, 300000, 1000000]"
35.0,400,477000.0,433666.6666666667,1.0999231360491928,Deal,"[1000, 300000, 1000000]"
36.0,"200, 100000, 5000, 10, 5, 750",23000.0,165622.55049999998,0.13886997833667586,Deal,"[0.01, 1, 25, 50, 75, 100, 300, 400, 500, 1000, 10000, 25000, 50000, 75000, 200000, 300000, 400000, 500000, 750000, 1000000]"
36.0,"200000, 750000, 0.01, 75000, 1000",31000.0,152430.06666666668,0.20337195067814703,Deal,"[1, 25, 50, 75, 100, 300, 400, 500, 10000, 25000, 50000, 300000, 400000, 500000, 1000000]"
36.0,"400, 75, 500, 25",74000.0,207768.27272727274,0.35616602587410534,Deal,"[1, 50, 100, 300, 10000, 25000, 50000, 300000, 400000, 500000, 1000000]"
36.0,"400000, 100, 50",92000.0,235662.625,0.3903885904691081,Deal,"[1, 300, 10000, 25000, 50000, 300000, 500000, 1000000]"
36.0,"300, 25000",186000.0,310000.1666666667,0.5999996774195282,Deal,"[1, 10000, 50000, 300000, 500000, 1000000]"
36.0,10000,299000.0,370000.2,0.8081076712931506,Deal,"[1, 50000, 300000, 500000, 1000000]"
36.0,1000000,144000.0,212500.25,0.6776462615926334,Deal,"[1, 50000, 300000, 500000]"
36.0,500000,70000.0,116667.0,0.5999982857191837,Deal,"[1, 50000, 300000]"
36.0,300000,25000.0,25000.5,0.999980000399992,Deal,"[1, 50000]"
37.0,"10, 100000, 25, 50000, 5, 0.01",26000.0,163418.8,0.15910042173850256,Deal,"[1, 50, 75, 100, 200, 300, 400, 500, 750, 1000, 5000, 10000, 25000, 75000, 200000, 300000, 400000, 500000, 750000, 1000000]"
37.0,"5000, 50, 200000, 400, 75000",61000.0,199195.06666666668,0.30623248366927425,Deal,"[1, 75, 100, 200, 300, 500, 750, 1000, 10000, 25000, 300000, 400000, 500000, 750000, 1000000]"
37.0,"750, 400000, 750000, 100",49000.0,167006.9090909091,0.29340103512320664,Deal,"[1, 75, 200, 300, 500, 1000, 10000, 25000, 300000, 500000, 1000000]"
37.0,"200, 1, 1000000",42000.0,104609.375,0.4014936519790889,Deal,"[75, 300, 500, 1000, 10000, 25000, 300000, 500000]"
37.0,"300000, 500",55000.0,89395.83333333333,0.6152412025168958,Deal,"[75, 300, 1000, 10000, 25000, 500000]"
37.0,25000,70000.0,102275.0,0.684429234905891,Deal,"[75, 300, 1000, 10000, 500000]"
37.0,75,136000.0,127825.0,1.0639546254645023,Deal,"[300, 1000, 10000, 500000]"
37.0,10000,184000.0,167100.0,1.1011370436864154,Deal,"[300, 1000, 500000]"
37.0,300,266000.0,250500.0,1.06187624750499,Deal,"[1000, 500000]"
38.0,"50, 0.01, 200, 500000, 25000, 10",16000.0,144657.8,0.11060585740969378,Deal,"[1, 5, 25, 75, 100, 300, 400, 500, 750, 1000, 5000, 10000, 50000, 75000, 100000, 200000, 300000, 400000, 750000, 1000000]"
38.0,"200000, 50000, 10000, 1000, 500",43000.0,175443.73333333334,0.2450928236821226,Deal,"[1, 5, 25, 75, 100, 300, 400, 750, 5000, 75000, 100000, 300000, 400000, 750000, 1000000]"
38.0,"75000, 1000000, 25, 1",37000.0,141511.81818181818,0.26146226142371665,Deal,"[5, 75, 100, 300, 400, 750, 5000, 100000, 300000, 400000, 750000]"
38.0,"75, 400, 5000",106000.0,193894.375,0.5466894024130406,Deal,"[5, 100, 300, 750, 100000, 300000, 400000, 750000]"
38.0,"750000, 100",88000.0,133509.16666666666,0.6591307712953542,Deal,"[5, 300, 750, 100000, 300000, 400000]"
38.0,400000,61000.0,80211.0,0.760494196556582,Deal,"[5, 300, 750, 100000, 300000]"
38.0,100000,49000.0,75263.75,0.6510438292006444,Deal,"[5, 300, 750, 300000]"
38.0,750,94000.0,100101.66666666667,0.9390453039409933,Deal,"[5, 300, 300000]"
39.0,"10000, 500000, 1000000, 300, 1, 10",11000.0,95405.2505,0.11529763762844479,Deal,"[0.01, 5, 25, 50, 75, 100, 200, 400, 500, 750, 1000, 5000, 25000, 50000, 75000, 100000, 200000, 300000, 400000, 750000]"
39.0,"400, 200000, 750, 500, 25000",24000.0,112097.00066666667,0.21410028687000074,Deal,"[0.01, 5, 25, 50, 75, 100, 200, 1000, 5000, 50000, 75000, 100000, 300000, 400000, 750000]"
39.0,"100, 100000, 200, 50000",50000.0,139195.91,0.3592059565543269,Deal,"[0.01, 5, 25, 50, 75, 1000, 5000, 75000, 300000, 400000, 750000]"
39.0,"25, 5000, 300000",62000.0,153266.25125,0.4045248023902457,Deal,"[0.01, 5, 50, 75, 1000, 75000, 400000, 750000]"
39.0,"75000, 750000",33000.0,66855.00166666666,0.49360555197553035,Deal,"[0.01, 5, 50, 75, 1000, 400000]"
39.0,0.01,68000.0,80226.0,0.8476055144217586,Deal,"[5, 50, 75, 1000, 400000]"
39.0,1000,90000.0,100032.5,0.8997075950316147,Deal,"[5, 50, 75, 400000]"
39.0,50,137000.0,133360.0,1.0272945410917818,Deal,"[5, 75, 400000]"
40.0,"50000, 10000, 5, 300, 750, 200",20000.0,167858.05049999998,0.11914829190751267,Deal,"[0.01, 1, 10, 25, 50, 75, 100, 400, 500, 1000, 5000, 25000, 75000, 100000, 200000, 300000, 400000, 500000, 750000, 1000000]"
40.0,"100000, 1000000, 25000, 75, 400000",29000.0,122139.06733333334,0.23743426761934608,Deal,"[0.01, 1, 10, 25, 50, 100, 400, 500, 1000, 5000, 75000, 200000, 300000, 500000, 750000]"
40.0,"400, 100, 500, 200000",51000.0,148280.54636363636,0.34394262262110875,Deal,"[0.01, 1, 10, 25, 50, 1000, 5000, 75000, 300000, 500000, 750000]"
40.0,"5000, 1, 500000",67000.0,140760.62625,0.4759853787592821,Deal,"[0.01, 10, 25, 50, 1000, 75000, 300000, 750000]"
40.0,"75000, 50",102000.0,175172.50166666668,0.5822831724701539,Deal,"[0.01, 10, 25, 1000, 300000, 750000]"
40.0,10,152000.0,210205.002,0.723103630045873,Deal,"[0.01, 25, 1000, 300000, 750000]"
41.0,"750000, 400000, 500000, 200, 5000, 400",7500.0,88140.8005,0.08509112644149402,Deal,"[0.01, 1, 5, 10, 25, 50, 75, 100, 300, 500, 750, 1000, 10000, 25000, 50000, 75000, 100000, 200000, 300000, 1000000]"
41.0,"75, 10, 1000, 0.01, 1000000",9000.0,50782.066666666666,0.17722791904228657,Deal,"[1, 5, 25, 50, 100, 300, 500, 750, 10000, 25000, 50000, 75000, 100000, 200000, 300000]"
41.0,"500, 1, 100, 75000",21000.0,62375.454545454544,0.3366708932709545,Deal,"[5, 25, 50, 300, 750, 10000, 25000, 50000, 100000, 200000, 300000]"
41.0,"25, 100000, 10000",27000.0,72013.125,0.3749316530840732,Deal,"[5, 50, 300, 750, 25000, 50000, 200000, 300000]"
41.0,"300000, 750",18000.0,45892.5,0.3922209511358065,Deal,"[5, 50, 300, 25000, 50000, 200000]"
41.0,25000,33000.0,50071.0,0.6590641289369096,Deal,"[5, 50, 300, 50000, 200000]"
41.0,5,54000.0,62587.5,0.8627920910724985,Deal,"[50, 300, 50000, 200000]"
41.0,200000,15000.0,16783.333333333332,0.893743793445879,Deal,"[50, 300, 50000]"
41.0,300,21000.0,25025.0,0.8391608391608392,Deal,"[50, 50000]"
42.0,"100, 75000, 75, 300, 200000, 25",19000.0,157145.80049999998,0.12090682626927725,Deal,"[0.01, 1, 5, 10, 50, 200, 400, 500, 750, 1000, 5000, 10000, 25000, 50000, 100000, 300000, 400000, 500000, 750000, 1000000]"
42.0,"5000, 100000, 0.01, 500, 1000000",31000.0,135827.73333333334,0.2282302681435701,Deal,"[1, 5, 10, 50, 200, 400, 750, 1000, 10000, 25000, 50000, 300000, 400000, 500000, 750000]"
42.0,"750, 1, 50, 400000",44000.0,148783.18181818182,0.2957323500029023,Deal,"[5, 10, 200, 400, 1000, 10000, 25000, 50000, 300000, 500000, 750000]"
42.0,"1000, 500000, 50000",52000.0,135701.875,0.38319293672250293,Deal,"[5, 10, 200, 400, 10000, 25000, 300000, 750000]"
42.0,"300000, 750000",4000.0,5935.833333333333,0.673873367962937,Deal,"[5, 10, 200, 400, 10000, 25000]"
42.0,10000,5000.0,5123.0,0.9759906304899473,Deal,"[5, 10, 200, 400, 25000]"
42.0,10,7000.0,6401.25,1.0935364186682288,Deal,"[5, 200, 400, 25000]"
43.0,"0.01, 400000, 50000, 500000, 750, 1",17000.0,123383.25,0.13778207333653475,Deal,"[5, 10, 25, 50, 75, 100, 200, 300, 400, 500, 1000, 5000, 10000, 25000, 75000, 100000, 200000, 300000, 750000, 1000000]"
43.0,"75000, 1000, 200000, 100, 500",33000.0,146071.0,0.2259175332543763,Deal,"[5, 10, 25, 50, 75, 200, 300, 400, 5000, 10000, 25000, 100000, 300000, 750000, 1000000]"
43.0,"300, 300000, 25000, 750000",26000.0,101433.18181818182,0.2563263769700609,Deal,"[5, 10, 25, 50, 75, 200, 400, 5000, 10000, 100000, 1000000]"
43.0,"75, 10000, 10",54000.0,138210.0,0.3907097894508357,Deal,"[5, 25, 50, 200, 400, 5000, 100000, 1000000]"
43.0,"5, 400",97000.0,184212.5,0.5265657867951414,Deal,"[25, 50, 200, 5000, 100000, 1000000]"
43.0,1000000,17000.0,21055.0,0.8074091664687723,Deal,"[25, 50, 200, 5000, 100000]"
43.0,25,22000.0,26312.5,0.836104513064133,Deal,"[50, 200, 5000, 100000]"
43.0,5000,35000.0,33416.666666666664,1.0473815461346634,Deal,"[50, 200, 100000]"
43.0,200,50000.0,50025.0,0.9995002498750625,Deal,"[50, 100000]"
44.0,"750, 300000, 100000, 200, 75, 10",18000.0,150869.05049999998,0.11930876439101075,Deal,"[0.01, 1, 5, 25, 50, 100, 300, 400, 500, 1000, 5000, 10000, 25000, 50000, 75000, 200000, 400000, 500000, 750000, 1000000]"
44.0,"0.01, 1000000, 750000, 25000, 500",13000.0,82792.06666666667,0.15701987549531718,Deal,"[1, 5, 25, 50, 100, 300, 400, 1000, 5000, 10000, 50000, 75000, 200000, 400000, 500000]"
44.0,"1, 5, 200000, 500000",19000.0,49261.36363636364,0.38569780853517877,Deal,"[25, 50, 100, 300, 400, 1000, 5000, 10000, 50000, 75000, 400000]"
44.0,"1000, 75000, 5000",30000.0,57609.375,0.5207485760781123,Deal,"[25, 50, 100, 300, 400, 10000, 50000, 400000]"
44.0,"100, 300",54000.0,76745.83333333333,0.7036212606547587,Deal,"[25, 50, 400, 10000, 50000, 400000]"
44.0,50000,66000.0,82095.0,0.803946647177051,Deal,"[25, 50, 400, 10000, 400000]"
44.0,50,105000.0,102606.25,1.0233294755436437,Deal,"[25, 400, 10000, 400000]"
44.0,10000,142000.0,133475.0,1.063869638509084,Deal,"[25, 400, 400000]"
44.0,25,215000.0,200200.0,1.0739260739260739,Deal,"[400, 400000]"
45.0,"1000000, 5000, 50, 500, 100000, 100",9000.0,115638.30049999998,0.07782888507601339,Deal,"[0.01, 1, 5, 10, 25, 75, 200, 300, 400, 750, 1000, 10000, 25000, 50000, 75000, 200000, 300000, 400000, 500000, 750000]"
45.0,"500000, 1, 0.01, 25, 10",29000.0,120848.66666666667,0.23996954869175222,Deal,"[5, 75, 200, 300, 400, 750, 1000, 10000, 25000, 50000, 75000, 200000, 300000, 400000, 750000]"
45.0,"10000, 750000, 200, 400000",,59320.90909090909,,Deal,"[5, 75, 300, 400, 750, 1000, 25000, 50000, 75000, 200000, 300000]"
45.0,"750, 50000, 200000",18000.0,50222.5,0.3584050973169396,Deal,"[5, 75, 300, 400, 1000, 25000, 75000, 300000]"
45.0,"75000, 300000",4000.0,4463.333333333333,0.8961911874533235,Deal,"[5, 75, 300, 400, 1000, 25000]"
45.0,5,5000.0,5355.0,0.9337068160597572,Deal,"[75, 300, 400, 1000, 25000]"
45.0,300,7000.0,6618.75,1.0576015108593013,Deal,"[75, 400, 1000, 25000]"
45.0,1000,9000.0,8491.666666666666,1.0598626104023554,Deal,"[75, 400, 25000]"
45.0,75,14000.0,12700.0,1.1023622047244095,Deal,"[400, 25000]"
46.0,"750, 500000, 200000, 0.01, 5, 75",20000.0,135879.3,0.14718945416998763,Deal,"[1, 10, 25, 50, 100, 200, 300, 400, 500, 1000, 5000, 10000, 25000, 50000, 75000, 100000, 300000, 400000, 750000, 1000000]"
46.0,"25000, 50000, 300, 25, 100",48000.0,176144.06666666668,0.27250421151474113,Deal,"[1, 10, 50, 200, 400, 500, 1000, 5000, 10000, 75000, 100000, 300000, 400000, 750000, 1000000]"
46.0,"300000, 1000, 100000, 1000000",31000.0,112832.81818181818,0.2747427610116657,Deal,"[1, 10, 50, 200, 400, 500, 5000, 10000, 75000, 400000, 750000]"
46.0,"10, 200, 400000",42000.0,105118.875,0.3995476549763304,Deal,"[1, 50, 400, 500, 5000, 10000, 75000, 750000]"
46.0,"750000, 50",15000.0,15150.166666666666,0.9900881178424881,Deal,"[1, 400, 500, 5000, 10000, 75000]"
47.0,"25, 750000, 500000, 300000, 5, 50",8000.0,93416.8005,0.08563770068318707,Deal,"[0.01, 1, 10, 75, 100, 200, 300, 400, 500, 750, 1000, 5000, 10000, 25000, 50000, 75000, 100000, 200000, 400000, 1000000]"
47.0,"400, 1000000, 750, 0.01, 75",16000.0,57807.4,0.27678117334458907,Deal,"[1, 10, 100, 200, 300, 500, 1000, 5000, 10000, 25000, 50000, 75000, 100000, 200000, 400000]"
47.0,"50000, 100, 500, 100000",16001.0,65137.36363636364,0.24565010167324716,Deal,"[1, 10, 200, 300, 1000, 5000, 10000, 25000, 75000, 200000, 400000]"
47.0,"75000, 1000, 10",51000.0,80062.625,0.6370013473827519,Deal,"[1, 200, 300, 5000, 10000, 25000, 200000, 400000]"
47.0,"25000, 10000",83000.0,100916.83333333333,0.8224594179035213,Deal,"[1, 200, 300, 5000, 200000, 400000]"
47.0,200,104000.0,121060.2,0.8590767238117896,Deal,"[1, 300, 5000, 200000, 400000]"
48.0,"1, 750, 10, 200000, 300000, 500000",11000.0,120882.7505,0.09099726763745337,Deal,"[0.01, 5, 25, 50, 75, 100, 200, 300, 400, 500, 1000, 5000, 10000, 25000, 50000, 75000, 100000, 400000, 750000, 1000000]"
48.0,"75, 1000, 0.01, 50000, 750000",26000.0,107772.0,0.2412500463942397,Deal,"[5, 25, 50, 100, 200, 300, 400, 500, 5000, 10000, 25000, 75000, 100000, 400000, 1000000]"
48.0,"100, 50, 5, 500",93000.0,146902.27272727274,0.6330739359809396,Deal,"[25, 200, 300, 400, 5000, 10000, 25000, 75000, 100000, 400000, 1000000]"
48.0,"300, 400000, 200",131000.0,151928.125,0.8622498303062714,Deal,"[25, 400, 5000, 10000, 25000, 75000, 100000, 1000000]"
49.0,"0.01, 1, 100, 50000, 500, 750000",22000.0,130890.75,0.16807910413837493,Deal,"[5, 10, 25, 50, 75, 200, 300, 400, 750, 1000, 5000, 10000, 25000, 75000, 100000, 200000, 300000, 400000, 500000, 1000000]"
49.0,"10000, 5000, 400000, 25, 10",48000.0,146852.0,0.326859695475717,Deal,"[5, 50, 75, 200, 300, 400, 750, 1000, 25000, 75000, 100000, 200000, 300000, 500000, 1000000]"
49.0,"25000, 200, 50, 400",89000.0,197920.9090909091,0.4496745715689922,Deal,"[5, 75, 300, 750, 1000, 75000, 100000, 200000, 300000, 500000, 1000000]"
49.0,"750, 1000, 200000",116000.0,246922.5,0.4697830290880742,Deal,"[5, 75, 300, 75000, 100000, 300000, 500000, 1000000]"
49.0,"100000, 300000",109000.0,262563.3333333333,0.4151379349744189,Deal,"[5, 75, 300, 75000, 500000, 1000000]"
49.0,5,193000.0,315075.0,0.6125525668491629,Deal,"[75, 300, 75000, 500000, 1000000]"
49.0,75000,410000.0,375093.75,1.0930600683162544,Deal,"[75, 300, 500000, 1000000]"
49.0,300,540000.0,500025.0,1.079946002699865,Deal,"[75, 500000, 1000000]"
50.0,"1, 25000, 5, 200, 10, 400000",15000.0,149660.0005,0.10022718127680348,No Deal,"[0.01, 25, 50, 75, 100, 300, 400, 500, 750, 1000, 5000, 10000, 50000, 75000, 100000, 200000, 300000, 500000, 750000, 1000000]"
50.0,"100000, 100, 50, 5000, 0.01",41000.0,192536.66666666666,0.2129464517581067,No Deal,"[25, 75, 300, 400, 500, 750, 1000, 10000, 50000, 75000, 200000, 300000, 500000, 750000, 1000000]"
50.0,"25, 1000, 200000, 400",83000.0,244238.63636363635,0.339831573070302,No Deal,"[75, 300, 500, 750, 10000, 50000, 75000, 300000, 500000, 750000, 1000000]"
50.0,"75, 50000, 500",196000.0,329506.25,0.5948293848750972,No Deal,"[300, 750, 10000, 75000, 300000, 500000, 750000, 1000000]"
50.0,"1000000, 10000",155000.0,271008.3333333333,0.5719381322837551,No Deal,"[300, 750, 75000, 300000, 500000, 750000]"
50.0,750000,98000.0,175210.0,0.5593288054334798,No Deal,"[300, 750, 75000, 300000, 500000]"
50.0,75000,139000.0,200262.5,0.694089008176768,No Deal,"[300, 750, 300000, 500000]"
50.0,300000,97000.0,167016.66666666666,0.5807803612413931,No Deal,"[300, 750, 500000]"
51.0,"1000000, 300000, 75, 0.01, 1000, 100000",10000.0,100867.05,0.09914040313462126,Deal,"[1, 5, 10, 25, 50, 100, 200, 300, 400, 500, 750, 5000, 10000, 25000, 50000, 75000, 200000, 400000, 500000, 750000]"
51.0,"50, 1, 500000, 400000, 50000",8000.0,71152.66666666667,0.11243429620815336,Deal,"[5, 10, 25, 100, 200, 300, 400, 500, 750, 5000, 10000, 25000, 75000, 200000, 750000]"
51.0,"400, 10, 75000, 750",33000.0,90102.72727272728,0.36624862530646835,Deal,"[5, 25, 100, 200, 300, 500, 5000, 10000, 25000, 200000, 750000]"
51.0,"200, 200000, 25000",56000.0,95741.25,0.5849098481584479,Deal,"[5, 25, 100, 300, 500, 5000, 10000, 750000]"
51.0,"5, 100",105000.0,127637.5,0.8226422485554794,Deal,"[25, 300, 500, 5000, 10000, 750000]"
51.0,500,147000.0,153065.0,0.9603763107176689,Deal,"[25, 300, 5000, 10000, 750000]"
51.0,300,182000.0,191256.25,0.9516028887944838,Deal,"[25, 5000, 10000, 750000]"
51.0,25,271000.0,255000.0,1.0627450980392157,Deal,"[5000, 10000, 750000]"
51.0,5000,418000.0,380000.0,1.1,Deal,"[10000, 750000]"
52.0,"10, 5, 25, 0.01, 5000, 300000",18000.0,155668.8,0.11563010699639235,Deal,"[1, 50, 75, 100, 200, 300, 400, 500, 750, 1000, 10000, 25000, 50000, 75000, 100000, 200000, 400000, 500000, 750000, 1000000]"
52.0,"10000, 750000, 100, 500, 200000",26000.0,143518.4,0.18116143992686654,Deal,"[1, 50, 75, 200, 300, 400, 750, 1000, 25000, 50000, 75000, 100000, 400000, 500000, 1000000]"
52.0,"50, 100000, 200, 750",62000.0,186525.0909090909,0.33239495929380203,Deal,"[1, 75, 300, 400, 1000, 25000, 50000, 75000, 400000, 500000, 1000000]"
52.0,"300, 75, 400",129000.0,256375.125,0.5031689404344513,Deal,"[1, 1000, 25000, 50000, 75000, 400000, 500000, 1000000]"
52.0,"1, 500000",188620.0,258500.0,0.7296711798839458,Deal,"[1000, 25000, 50000, 75000, 400000, 1000000]"
52.0,75000,257000.0,295200.0,0.8705962059620597,Deal,"[1000, 25000, 50000, 400000, 1000000]"
52.0,50000,321000.0,356500.0,0.9004207573632539,Deal,"[1000, 25000, 400000, 1000000]"
52.0,25000,511000.0,467000.0,1.094218415417559,Deal,"[1000, 400000, 1000000]"
52.0,400000,551000.0,500500.0,1.100899100899101,Deal,"[1000, 1000000]"
53.0,"25000, 0.01, 750000, 1000000, 10, 200000",7000.0,72170.3,0.09699280729053364,Deal,"[1, 5, 25, 50, 75, 100, 200, 300, 400, 500, 750, 1000, 5000, 10000, 50000, 75000, 100000, 300000, 400000, 500000]"
53.0,"100000, 750, 1, 75, 100",28000.0,89498.66666666667,0.3128538227757583,Deal,"[5, 25, 50, 200, 300, 400, 500, 1000, 5000, 10000, 50000, 75000, 300000, 400000, 500000]"
53.0,"75000, 500000, 300, 5000",22000.0,69289.09090909091,0.31751029940434017,Deal,"[5, 25, 50, 200, 400, 500, 1000, 10000, 50000, 300000, 400000]"
53.0,"10000, 25, 400",49000.0,93969.375,0.521446481899023,Deal,"[5, 50, 200, 500, 1000, 50000, 300000, 400000]"
53.0,"50, 300000",39000.0,75284.16666666667,0.5180372145537463,Deal,"[5, 200, 500, 1000, 50000, 400000]"
53.0,400000,8000.0,10341.0,0.7736195725751861,Deal,"[5, 200, 500, 1000, 50000]"
53.0,1000,13000.0,12676.25,1.0255398875850508,Deal,"[5, 200, 500, 50000]"
53.0,200,19000.0,16835.0,1.1286011286011286,Deal,"[5, 500, 50000]"
54.0,"0.01, 25000, 300, 50, 75000, 200",28000.0,165893.3,0.1687831877477873,Deal,"[1, 5, 10, 25, 75, 100, 400, 500, 750, 1000, 5000, 10000, 50000, 100000, 200000, 300000, 400000, 500000, 750000, 1000000]"
54.0,"1, 500, 5, 400, 500000",41000.0,187797.33333333334,0.21832045893445415,Deal,"[10, 25, 75, 100, 750, 1000, 5000, 10000, 50000, 100000, 200000, 300000, 400000, 750000, 1000000]"
54.0,"25, 400000, 750, 5000",98800.0,219198.63636363635,0.45073273100156147,Deal,"[10, 75, 100, 1000, 10000, 50000, 100000, 200000, 300000, 750000, 1000000]"
54.0,"100000, 1000, 10",206000.0,288771.875,0.7133658705509323,Deal,"[75, 100, 10000, 50000, 200000, 300000, 750000, 1000000]"
54.0,"300000, 750000",173000.0,210029.16666666666,0.8236951217092865,Deal,"[75, 100, 10000, 50000, 200000, 1000000]"
54.0,200000,186000.0,212035.0,0.8772136675548848,Deal,"[75, 100, 10000, 50000, 1000000]"
54.0,10000,286000.0,262543.75,1.0893422524817293,Deal,"[75, 100, 50000, 1000000]"
54.0,75,385000.0,350033.3333333333,1.0998952480716122,Deal,"[100, 50000, 1000000]"
54.0,50000,550000.0,500050.0,1.0998900109989,Deal,"[100, 1000000]"
55.0,"5, 50, 1000000, 10, 500, 10000",15000.0,120392.55049999998,0.12459242650565827,Deal,"[0.01, 1, 25, 75, 100, 200, 300, 400, 750, 1000, 5000, 25000, 50000, 75000, 100000, 200000, 300000, 400000, 500000, 750000]"
55.0,"200000, 0.01, 400, 5000, 100000",29000.0,140163.4,0.20690137368243067,Deal,"[1, 25, 75, 100, 200, 300, 750, 1000, 25000, 50000, 75000, 300000, 400000, 500000, 750000]"
55.0,"200, 300000, 750, 50000",51000.0,159227.36363636365,0.3202967055114442,Deal,"[1, 25, 75, 100, 300, 1000, 25000, 75000, 400000, 500000, 750000]"
55.0,"750000, 75000, 25",40000.0,115809.5,0.34539480785255094,Deal,"[1, 75, 100, 300, 1000, 25000, 400000, 500000]"
55.0,"1, 1000",74000.0,154245.83333333334,0.479753640022691,Deal,"[75, 100, 300, 25000, 400000, 500000]"
55.0,75,99000.0,185080.0,0.5349038253728118,Deal,"[100, 300, 25000, 400000, 500000]"
55.0,300,163000.0,231275.0,0.7047886714949735,Deal,"[100, 25000, 400000, 500000]"
55.0,25000,286000.0,300033.3333333333,0.9532274191756472,Deal,"[100, 400000, 500000]"
55.0,100,450000.0,450000.0,1.0,Deal,"[400000, 500000]"
56.0,"25000, 400000, 25, 100000, 750000, 100",9000.0,107164.55049999998,0.08398299585085277,Deal,"[0.01, 1, 5, 10, 50, 75, 200, 300, 400, 500, 750, 1000, 5000, 10000, 50000, 75000, 200000, 300000, 500000, 1000000]"
56.0,"200000, 50000, 10000, 500, 50",26000.0,125516.06733333334,0.20714479470545977,Deal,"[0.01, 1, 5, 10, 75, 200, 300, 400, 750, 1000, 5000, 75000, 300000, 500000, 1000000]"
56.0,"300, 500000, 5000, 10",35000.0,125221.00090909092,0.279505831656861,Deal,"[0.01, 1, 5, 75, 200, 400, 750, 1000, 75000, 300000, 1000000]"
56.0,"200, 75000, 1000",61000.0,162653.87625,0.3750294884226591,Deal,"[0.01, 1, 5, 75, 400, 750, 300000, 1000000]"
56.0,"300000, 75",111000.0,166859.335,0.6652309863274956,Deal,"[0.01, 1, 5, 400, 750, 1000000]"
56.0,400,172000.0,200151.202,0.8593503225626394,Deal,"[0.01, 1, 5, 750, 1000000]"
56.0,1,275000.0,250188.7525,1.0991701155710427,Deal,"[0.01, 5, 750, 1000000]"
57.0,"10000, 0.01, 5000, 1, 750, 75000",24000.0,166383.25,0.1442452891141386,Deal,"[5, 10, 25, 50, 75, 100, 200, 300, 400, 500, 1000, 25000, 50000, 100000, 200000, 300000, 400000, 500000, 750000, 1000000]"
57.0,"75, 200, 10, 25, 400",62000.0,221797.0,0.279534890012038,Deal,"[5, 50, 100, 300, 500, 1000, 25000, 50000, 100000, 200000, 300000, 400000, 500000, 750000, 1000000]"
57.0,"25000, 1000000, 750000, 500",42000.0,141041.36363636365,0.29778498248418417,Deal,"[5, 50, 100, 300, 1000, 50000, 100000, 200000, 300000, 400000, 500000]"
57.0,"300, 50000, 300000",72000.0,150144.375,0.4795384442474119,Deal,"[5, 50, 100, 1000, 100000, 200000, 400000, 500000]"
57.0,"500000, 5",62000.0,116858.33333333333,0.5305569421664409,Deal,"[50, 100, 1000, 100000, 200000, 400000]"
57.0,100000,69000.0,120230.0,0.573900024952175,Deal,"[50, 100, 1000, 200000, 400000]"
57.0,200000,53000.0,100287.5,0.5284806182226099,Deal,"[50, 100, 1000, 400000]"
58.0,"75, 100, 300, 10, 1, 300000",19000.0,155896.5005,0.12187573126441027,Deal,"[0.01, 5, 25, 50, 200, 400, 500, 750, 1000, 5000, 10000, 25000, 50000, 75000, 100000, 200000, 400000, 500000, 750000, 1000000]"
58.0,"25000, 500, 400000, 50000, 10000",41000.0,175495.33399999997,0.2336244449667249,Deal,"[0.01, 5, 25, 50, 200, 400, 750, 1000, 5000, 75000, 100000, 200000, 500000, 750000, 1000000]"
58.0,"200, 0.01, 100000, 5000",82000.0,229748.18181818182,0.3569125089524895,Deal,"[5, 25, 50, 400, 750, 1000, 75000, 200000, 500000, 750000, 1000000]"
58.0,"750, 1000, 500000",162000.0,253185.0,0.6398483322471711,Deal,"[5, 25, 50, 400, 75000, 200000, 750000, 1000000]"
58.0,"400, 200000",237000.0,304180.0,0.7791439279374055,Deal,"[5, 25, 50, 75000, 750000, 1000000]"
58.0,1000000,103000.0,165016.0,0.6241818975129685,Deal,"[5, 25, 50, 75000, 750000]"
58.0,75000,185000.0,187520.0,0.986561433447099,Deal,"[5, 25, 50, 750000]"
59.0,"100, 25, 10, 1000000, 750, 1",14000.0,120876.5005,0.11582069254230272,Deal,"[0.01, 5, 50, 75, 200, 300, 400, 500, 1000, 5000, 10000, 25000, 50000, 75000, 100000, 200000, 300000, 400000, 500000, 750000]"
59.0,"50, 1000, 10000, 400000, 300",33000.0,133745.334,0.2467375796452084,Deal,"[0.01, 5, 75, 200, 400, 500, 5000, 25000, 50000, 75000, 100000, 200000, 300000, 500000, 750000]"
59.0,"500000, 200, 0.01, 400",74000.0,136870.9090909091,0.5406554284727481,Deal,"[5, 75, 500, 5000, 25000, 50000, 75000, 100000, 200000, 300000, 750000]"
59.0,"25000, 100000, 750000",40000.0,78822.5,0.5074693139649212,Deal,"[5, 75, 500, 5000, 50000, 75000, 200000, 300000]"
59.0,"5, 200000",32000.0,71762.5,0.44591534575857866,Deal,"[75, 500, 5000, 50000, 75000, 300000]"
59.0,5000,57000.0,85115.0,0.6696821946777889,Deal,"[75, 500, 50000, 75000, 300000]"
59.0,75000,76000.0,87643.75,0.8671468302075163,Deal,"[75, 500, 50000, 300000]"
59.0,500,112000.0,116691.66666666667,0.9597943297864743,Deal,"[75, 50000, 300000]"
59.0,50000,163000.0,150037.5,1.0863950678996916,Deal,"[75, 300000]"
60.0,"400000, 750000, 5, 400, 5000, 300000",8000.0,98150.5505,0.08150743892159831,Deal,"[0.01, 1, 10, 25, 50, 75, 100, 200, 300, 500, 750, 1000, 10000, 25000, 50000, 75000, 100000, 200000, 500000, 1000000]"
60.0,"75000, 25, 750, 200, 25000",34000.0,124135.734,0.27389373635153275,Deal,"[0.01, 1, 10, 50, 75, 100, 300, 500, 1000, 10000, 50000, 100000, 200000, 500000, 1000000]"
60.0,"1000, 1, 50000, 75",63000.0,164632.72818181818,0.38266996298830475,Deal,"[0.01, 10, 50, 100, 300, 500, 10000, 100000, 200000, 500000, 1000000]"
60.0,"500, 200000, 100",130000.0,201295.00125,0.6458183223265709,Deal,"[0.01, 10, 50, 300, 10000, 100000, 500000, 1000000]"
60.0,"100000, 10",189000.0,251725.00166666668,0.750819341537926,Deal,"[0.01, 50, 300, 10000, 500000, 1000000]"
60.0,0.01,265000.0,302070.0,0.8772801006389247,Deal,"[50, 300, 10000, 500000, 1000000]"
60.0,500000,231000.0,252587.5,0.914534567229178,Deal,"[50, 300, 10000, 1000000]"
60.0,50,361000.0,336766.6666666667,1.07195882411165,Deal,"[300, 10000, 1000000]"
60.0,300,500000.0,505000.0,0.9900990099009901,Deal,"[10000, 1000000]"
61.0,"1, 100, 5, 75000, 50, 400000",24000.0,147163.0005,0.16308447040667673,Deal,"[0.01, 10, 25, 75, 200, 300, 400, 500, 750, 1000, 5000, 10000, 25000, 50000, 100000, 200000, 300000, 500000, 750000, 1000000]"
61.0,"500000, 25, 500, 1000, 400",46000.0,162755.66733333332,0.2826322471818401,Deal,"[0.01, 10, 75, 200, 300, 750, 5000, 10000, 25000, 50000, 100000, 200000, 300000, 750000, 1000000]"
61.0,"75, 5000, 750000, 1000000",19000.0,62387.273636363636,0.30454929174730727,Deal,"[0.01, 10, 200, 300, 750, 10000, 25000, 50000, 100000, 200000, 300000]"
61.0,"750, 10000, 0.01",37000.0,84438.75,0.4381874435611612,Deal,"[10, 200, 300, 25000, 50000, 100000, 200000, 300000]"
61.0,"200000, 300000",24000.0,29251.666666666668,0.820466070309384,Deal,"[10, 200, 300, 25000, 50000, 100000]"
61.0,100000,13000.0,15102.0,0.8608131373328036,Deal,"[10, 200, 300, 25000, 50000]"
61.0,300,21000.0,18802.5,1.1168727562824092,Deal,"[10, 200, 25000, 50000]"
61.0,200,28000.0,25003.333333333332,1.1198506865751234,Deal,"[10, 25000, 50000]"
62.0,"1, 10, 50, 400, 5000, 300000",19000.0,155647.7505,0.12207050817608829,Deal,"[0.01, 5, 25, 75, 100, 200, 300, 500, 750, 1000, 10000, 25000, 50000, 75000, 100000, 200000, 400000, 500000, 750000, 1000000]"
62.0,"50000, 25, 0.01, 100000, 25000",50000.0,195862.0,0.25528178002879576,Deal,"[5, 75, 100, 200, 300, 500, 750, 1000, 10000, 75000, 200000, 400000, 500000, 750000, 1000000]"
62.0,"500000, 500, 750, 75",91000.0,221509.54545454544,0.4108175104294705,Deal,"[5, 100, 200, 300, 1000, 10000, 75000, 200000, 400000, 750000, 1000000]"
62.0,"5, 75000, 100",178000.0,295187.5,0.6030065636248148,Deal,"[200, 300, 1000, 10000, 200000, 400000, 750000, 1000000]"
62.0,"750000, 1000",162000.0,268416.6666666667,0.6035392735175411,Deal,"[200, 300, 10000, 200000, 400000, 1000000]"
62.0,300,222000.0,322040.0,0.6893553595826606,Deal,"[200, 10000, 200000, 400000, 1000000]"
62.0,200000,247000.0,352550.0,0.7006098425755212,Deal,"[200, 10000, 400000, 1000000]"
62.0,200,517000.0,470000.0,1.1,Deal,"[10000, 400000, 1000000]"
63.0,"10, 500000, 50, 1, 400000, 200000",7500.0,115917.7505,0.0647010485249194,Deal,"[0.01, 5, 25, 75, 100, 200, 300, 400, 500, 750, 1000, 5000, 10000, 25000, 50000, 75000, 100000, 300000, 750000, 1000000]"
63.0,"100000, 100, 300, 75000, 400",34000.0,142837.00066666666,0.23803356162136532,Deal,"[0.01, 5, 25, 75, 200, 500, 750, 1000, 5000, 10000, 25000, 50000, 300000, 750000, 1000000]"
63.0,"1000, 1000000, 50000, 25",23000.0,99230.00090909092,0.231784740393899,Deal,"[0.01, 5, 75, 200, 500, 750, 5000, 10000, 25000, 300000, 750000]"
63.0,"750000, 750, 5",16000.0,42596.87625,0.3756143973115869,Deal,"[0.01, 75, 200, 500, 5000, 10000, 25000, 300000]"
63.0,"0.01, 500",47000.0,56712.5,0.8287414591139519,Deal,"[75, 200, 5000, 10000, 25000, 300000]"
63.0,5000,59000.0,67055.0,0.8798747296995004,Deal,"[75, 200, 10000, 25000, 300000]"
63.0,200,68000.0,83768.75,0.8117585615160785,Deal,"[75, 10000, 25000, 300000]"
63.0,10000,81000.0,108358.33333333333,0.7475198031223564,Deal,"[75, 25000, 300000]"
64.0,"10000, 5, 500000, 100000, 25000, 100",17000.0,139165.55049999998,0.1221566683631234,Deal,"[0.01, 1, 10, 25, 50, 75, 200, 300, 400, 500, 750, 1000, 5000, 50000, 75000, 200000, 300000, 400000, 750000, 1000000]"
64.0,"50, 400000, 75, 0.01, 10",41000.0,158878.4,0.2580589935447487,Deal,"[1, 25, 200, 300, 400, 500, 750, 1000, 5000, 50000, 75000, 200000, 300000, 750000, 1000000]"
64.0,"750000, 1000, 75000, 1000000",19000.0,50652.36363636364,0.3751058911367324,Deal,"[1, 25, 200, 300, 400, 500, 750, 5000, 50000, 200000, 300000]"
64.0,"5000, 750, 500",52000.0,68865.75,0.7550923354497701,Deal,"[1, 25, 200, 300, 400, 50000, 200000, 300000]"
64.0,"300, 25",76000.0,91766.83333333333,0.8281859277407778,Deal,"[1, 200, 400, 50000, 200000, 300000]"
64.0,200000,60000.0,70120.2,0.8556735434297107,Deal,"[1, 200, 400, 50000, 300000]"
64.0,1,83000.0,87650.0,0.9469480889903024,Deal,"[200, 400, 50000, 300000]"
64.0,200,115000.0,116800.0,0.9845890410958904,Deal,"[400, 50000, 300000]"
65.0,"500, 0.01, 1000000, 50000, 1, 75",11000.0,118392.0,0.09291168322183932,No Deal,"[5, 10, 25, 50, 100, 200, 300, 400, 750, 1000, 5000, 10000, 25000, 75000, 100000, 200000, 300000, 400000, 500000, 750000]"
65.0,"1000, 300, 500000, 25000, 100",29000.0,122762.66666666667,0.2362281692588409,No Deal,"[5, 10, 25, 50, 200, 400, 750, 5000, 10000, 75000, 100000, 200000, 300000, 400000, 750000]"
65.0,"5000, 10, 5, 400",91000.0,166911.36363636365,0.5451995479364388,No Deal,"[25, 50, 200, 750, 10000, 75000, 100000, 200000, 300000, 400000, 750000]"
65.0,"300000, 10000, 750",136000.0,190659.375,0.713313992558719,No Deal,"[25, 50, 200, 75000, 100000, 200000, 400000, 750000]"
65.0,"200, 50",195000.0,254170.83333333334,0.7672005376961033,No Deal,"[25, 75000, 100000, 200000, 400000, 750000]"
65.0,200000,177000.0,265005.0,0.6679119261900719,No Deal,"[25, 75000, 100000, 400000, 750000]"
65.0,25,261000.0,331250.0,0.7879245283018868,No Deal,"[75000, 100000, 400000, 750000]"
65.0,750000,144000.0,191666.66666666666,0.751304347826087,No Deal,"[75000, 100000, 400000]"
65.0,400000,83000.0,87500.0,0.9485714285714286,No Deal,"[75000, 100000]"
66.0,"50, 1000, 0.01, 300000, 100000, 25",15000.0,150867.05,0.09942528868961116,Deal,"[1, 5, 10, 75, 100, 200, 300, 400, 500, 750, 5000, 10000, 25000, 50000, 75000, 200000, 400000, 500000, 750000, 1000000]"
66.0,"50000, 500, 5000, 400, 100",32000.0,197422.73333333334,0.1620887293965808,Deal,"[1, 5, 10, 75, 200, 300, 750, 10000, 25000, 75000, 200000, 400000, 500000, 750000, 1000000]"
66.0,"10, 300, 400000, 10000",64000.0,231911.9090909091,0.27596685418562145,Deal,"[1, 5, 75, 200, 750, 25000, 75000, 200000, 500000, 750000, 1000000]"
66.0,"200, 200000, 500000",102000.0,231353.875,0.4408830411852838,Deal,"[1, 5, 75, 750, 25000, 75000, 750000, 1000000]"
66.0,"75, 1000000",71000.0,141792.66666666666,0.5007311144440945,Deal,"[1, 5, 750, 25000, 75000, 750000]"
66.0,5,97000.0,170150.2,0.5700845488280354,Deal,"[1, 750, 25000, 75000, 750000]"
66.0,75000,211000.0,193937.75,1.087977972313281,Deal,"[1, 750, 25000, 750000]"
66.0,750,261000.0,258333.66666666666,1.010321277004804,Deal,"[1, 25000, 750000]"
66.0,25000,413000.0,375000.5,1.1013318648908468,Deal,"[1, 750000]"
67.0,"400000, 300, 200000, 50, 750, 200",23000.0,140855.80049999998,0.16328756017399512,Deal,"[0.01, 1, 5, 10, 25, 75, 100, 400, 500, 1000, 5000, 10000, 25000, 50000, 75000, 100000, 300000, 500000, 750000, 1000000]"
67.0,"10, 25, 5000, 75, 500",55000.0,187433.734,0.2934370394605701,Deal,"[0.01, 1, 5, 100, 400, 1000, 10000, 25000, 50000, 75000, 100000, 300000, 500000, 750000, 1000000]"
67.0,"0.01, 100000, 500000, 75000",70000.0,194227.81818181818,0.36040151537135867,Deal,"[1, 5, 100, 400, 1000, 10000, 25000, 50000, 300000, 750000, 1000000]"
68.0,"50, 1000, 200, 500, 300, 75000",20000.0,167068.30049999998,0.11971151882280626,Deal,"[0.01, 1, 5, 10, 25, 75, 100, 400, 750, 5000, 10000, 25000, 50000, 100000, 200000, 300000, 400000, 500000, 750000, 1000000]"
68.0,"1000000, 75, 400, 5000, 300000",43000.0,135726.06733333334,0.31681460197616373,Deal,"[0.01, 1, 5, 10, 25, 100, 750, 10000, 25000, 50000, 100000, 200000, 400000, 500000, 750000]"
68.0,"25000, 400000, 10000, 25",88000.0,145533.27363636365,0.6046727171126582,Deal,"[0.01, 1, 5, 10, 100, 750, 50000, 100000, 200000, 500000, 750000]"
68.0,"75, 100000, 750000",36000.0,83429.55666666667,0.43150175355520487,Deal,"[0.01, 1, 5, 10, 100, 750, 50000, 200000, 500000]"
68.0,"200000, 10",83755.0,78693.71571428572,1.064316244820493,Deal,"[0.01, 1, 5, 100, 750, 50000, 500000]"
69.0,"500, 1000000, 750, 75, 300, 10",12000.0,120839.05049999998,0.09930564623229973,Deal,"[0.01, 1, 5, 25, 50, 100, 200, 400, 1000, 5000, 10000, 25000, 50000, 75000, 100000, 200000, 300000, 400000, 500000, 750000]"
69.0,"50, 400, 1000, 200, 1",66000.0,161008.66733333332,0.40991582063940324,Deal,"[0.01, 5, 25, 100, 5000, 10000, 25000, 50000, 75000, 100000, 200000, 300000, 400000, 500000, 750000]"
69.0,"500000, 100, 50000, 200000",51000.0,151366.36454545453,0.3369308640869482,Deal,"[0.01, 5, 25, 5000, 10000, 25000, 75000, 100000, 300000, 400000, 750000]"
69.0,"0.01, 25, 75000",94000.0,198750.625,0.47295448756450453,Deal,"[5, 5000, 10000, 25000, 100000, 300000, 400000, 750000]"
69.0,"100000, 5",137000.0,248333.33333333334,0.5516778523489932,Deal,"[5000, 10000, 25000, 300000, 400000, 750000]"
69.0,750000,85000.0,148000.0,0.5743243243243243,Deal,"[5000, 10000, 25000, 300000, 400000]"
69.0,400000,59000.0,85000.0,0.6941176470588235,Deal,"[5000, 10000, 25000, 300000]"
69.0,5000,94000.0,111666.66666666667,0.8417910447761193,Deal,"[10000, 25000, 300000]"
70.0,"1000000, 400000, 10, 500000, 200000, 400",4000.0,65900.3005,0.060697750536054085,Deal,"[0.01, 1, 5, 25, 50, 75, 100, 200, 300, 500, 750, 1000, 5000, 10000, 25000, 50000, 75000, 100000, 300000, 750000]"
70.0,"1000, 750, 300, 300000, 750000",7000.0,17730.40066666667,0.39480213287904264,Deal,"[0.01, 1, 5, 25, 50, 75, 100, 200, 500, 5000, 10000, 25000, 50000, 75000, 100000]"
70.0,"100, 0.01, 1, 5000",11000.0,23714.090909090908,0.4638592321404612,Deal,"[5, 25, 50, 75, 200, 500, 10000, 25000, 50000, 75000, 100000]"
70.0,"75000, 200, 50",17000.0,23200.625,0.7327388809568708,Deal,"[5, 25, 75, 500, 10000, 25000, 50000, 100000]"
70.0,"50000, 5",22000.0,22600.0,0.9734513274336283,Deal,"[25, 75, 500, 10000, 25000, 100000]"
70.0,500,26000.0,27020.0,0.9622501850481125,Deal,"[25, 75, 10000, 25000, 100000]"
70.0,25,33000.0,33768.75,0.9772348695169351,Deal,"[75, 10000, 25000, 100000]"
70.0,10000,41000.0,41691.666666666664,0.9834099540275835,Deal,"[75, 25000, 100000]"
70.0,25000,50000.0,50037.5,0.9992505620784412,Deal,"[75, 100000]"
71.0,"300000, 100, 1000000, 750000, 500000, 100000",5000.0,38415.8005,0.130154778370426,Deal,"[0.01, 1, 5, 10, 25, 50, 75, 200, 300, 400, 500, 750, 1000, 5000, 10000, 25000, 50000, 75000, 200000, 400000]"
71.0,"400000, 75, 750, 10000, 75000",9000.0,18832.734,0.4778913141342091,Deal,"[0.01, 1, 5, 10, 25, 50, 200, 300, 400, 500, 1000, 5000, 25000, 50000, 200000]"
71.0,"5, 1, 1000, 10",15000.0,25588.637272727272,0.5861976876739431,Deal,"[0.01, 25, 50, 200, 300, 400, 500, 5000, 25000, 50000, 200000]"
71.0,"5000, 400, 0.01",24000.0,34509.375,0.6954631893507199,Deal,"[25, 50, 200, 300, 500, 25000, 50000, 200000]"
71.0,"25000, 25",37000.0,41841.666666666664,0.884285998805019,Deal,"[50, 200, 300, 500, 50000, 200000]"
71.0,50,46000.0,50200.0,0.9163346613545816,Deal,"[200, 300, 500, 50000, 200000]"
71.0,300,61000.0,62675.0,0.9732748304746709,Deal,"[200, 500, 50000, 200000]"
71.0,50000,72000.0,66900.0,1.0762331838565022,Deal,"[200, 500, 200000]"
72.0,"750000, 400000, 750, 25, 1000000, 50",8000.0,63379.5505,0.1262236784087006,No Deal,"[0.01, 1, 5, 10, 75, 100, 200, 300, 400, 500, 1000, 5000, 10000, 25000, 50000, 75000, 100000, 200000, 300000, 500000]"
72.0,"25000, 1000, 100, 1, 500",19000.0,82732.66733333333,0.22965535395405803,No Deal,"[0.01, 5, 10, 75, 200, 300, 400, 5000, 10000, 50000, 75000, 100000, 200000, 300000, 500000]"
72.0,"300000, 100000, 5000, 200000",14000.0,57817.273636363636,0.24214216823940363,No Deal,"[0.01, 5, 10, 75, 200, 300, 400, 10000, 50000, 75000, 500000]"
72.0,"75000, 10, 300",40000.0,70085.00125,0.5707355252419289,No Deal,"[0.01, 5, 75, 200, 400, 10000, 50000, 500000]"
72.0,"75, 500000",9000.0,10100.835000000001,0.891015445752752,No Deal,"[0.01, 5, 200, 400, 10000, 50000]"
72.0,0.01,11000.0,12121.0,0.9075158815279267,No Deal,"[5, 200, 400, 10000, 50000]"
72.0,50000,2500.0,2651.25,0.9429514380009429,No Deal,"[5, 200, 400, 10000]"
72.0,10000,200.0,201.66666666666666,0.9917355371900827,No Deal,"[5, 200, 400]"
72.0,400,100.0,102.5,0.975609756097561,No Deal,"[5, 200]"
73.0,"500000, 100, 1, 400, 1000000, 50000",13000.0,93395.7505,0.13919262846975036,Deal,"[0.01, 5, 10, 25, 50, 75, 200, 300, 500, 750, 1000, 5000, 10000, 25000, 75000, 100000, 200000, 300000, 400000, 750000]"
73.0,"75, 0.01, 100000, 1000, 75000",34000.0,112789.33333333333,0.30144694533762056,Deal,"[5, 10, 25, 50, 200, 300, 500, 750, 5000, 10000, 25000, 200000, 300000, 400000, 750000]"
73.0,"300, 200, 10000, 5",58000.0,152848.63636363635,0.3794603692898798,Deal,"[10, 25, 50, 500, 750, 5000, 25000, 200000, 300000, 400000, 750000]"
73.0,"200000, 300000, 400000",41000.0,97666.875,0.41979432637729014,Deal,"[10, 25, 50, 500, 750, 5000, 25000, 750000]"
73.0,"25000, 5000",86000.0,125222.5,0.686777535985945,Deal,"[10, 25, 50, 500, 750, 750000]"
73.0,10,106000.0,150265.0,0.7054204239177453,Deal,"[25, 50, 500, 750, 750000]"
73.0,25,170000.0,187825.0,0.9050978304272594,Deal,"[50, 500, 750, 750000]"
73.0,50,249000.0,250416.66666666666,0.994342762063228,Deal,"[500, 750, 750000]"
73.0,750,413000.0,375250.0,1.100599600266489,Deal,"[500, 750000]"
74.0,"25, 75, 5, 750, 1000, 400",33000.0,170808.05049999998,0.19319932464190265,Deal,"[0.01, 1, 10, 50, 100, 200, 300, 500, 5000, 10000, 25000, 50000, 75000, 100000, 200000, 300000, 400000, 500000, 750000, 1000000]"
74.0,"100000, 200000, 500000, 10, 200",26000.0,174396.734,0.1490853607384643,Deal,"[0.01, 1, 50, 100, 300, 500, 5000, 10000, 25000, 50000, 75000, 300000, 400000, 750000, 1000000]"
74.0,"10000, 750000, 5000, 100",44000.0,168259.18272727274,0.26150132959648653,Deal,"[0.01, 1, 50, 300, 500, 25000, 50000, 75000, 300000, 400000, 1000000]"
74.0,"1000000, 400000, 75000",22000.0,46981.37625,0.46827065863146144,Deal,"[0.01, 1, 50, 300, 500, 25000, 50000, 300000]"
74.0,"0.01, 500",51000.0,62558.5,0.8152369382258207,Deal,"[1, 50, 300, 25000, 50000, 300000]"
74.0,50000,59000.0,65070.2,0.9067130575901104,Deal,"[1, 50, 300, 25000, 300000]"
74.0,25000,79000.0,75087.75,1.0521023735562725,Deal,"[1, 50, 300, 300000]"
75.0,"750000, 500, 50, 50000, 300000, 200",17000.0,115883.30049999998,0.14669930806811982,Deal,"[0.01, 1, 5, 10, 25, 75, 100, 300, 400, 750, 1000, 5000, 10000, 25000, 75000, 100000, 200000, 400000, 500000, 1000000]"
75.0,"750, 500000, 25, 0.01, 1000000",10000.0,54459.4,0.1836230292658384,Deal,"[1, 5, 10, 75, 100, 300, 400, 1000, 5000, 10000, 25000, 75000, 100000, 200000, 400000]"
75.0,"5000, 10000, 300, 75000",29000.0,66053.72727272728,0.43903654187844326,Deal,"[1, 5, 10, 75, 100, 400, 1000, 25000, 100000, 200000, 400000]"
75.0,"1000, 200000, 1",34000.0,65698.75,0.5175136513251775,Deal,"[5, 10, 75, 100, 400, 25000, 100000, 400000]"
75.0,"400, 100",48000.0,87515.0,0.5484774038736216,Deal,"[5, 10, 75, 25000, 100000, 400000]"
75.0,10,72000.0,105016.0,0.6856098118381961,Deal,"[5, 75, 25000, 100000, 400000]"
75.0,100000,61000.0,106270.0,0.5740095981932812,Deal,"[5, 75, 25000, 400000]"
75.0,75,124000.0,141668.33333333334,0.8752838201903507,Deal,"[5, 25000, 400000]"
75.0,25000,200000.0,200002.5,0.999987500156248,Deal,"[5, 400000]"
76.0,"500, 1, 400000, 50, 0.01, 1000000",21000.0,100893.25,0.20814078246067005,Deal,"[5, 10, 25, 75, 100, 200, 300, 400, 750, 1000, 5000, 10000, 25000, 50000, 75000, 100000, 200000, 300000, 500000, 750000]"
76.0,"300000, 200, 10000, 1000, 200000",17000.0,100444.33333333333,0.16924797483183057,Deal,"[5, 10, 25, 75, 100, 300, 400, 750, 5000, 25000, 50000, 75000, 100000, 500000, 750000]"
76.0,"50000, 25, 100, 100000",46000.0,123321.81818181818,0.3730077992539844,Deal,"[5, 10, 75, 300, 400, 750, 5000, 25000, 75000, 500000, 750000]"
76.0,"25000, 5000, 10",88000.0,165816.25,0.5307079372498172,Deal,"[5, 75, 300, 400, 750, 75000, 500000, 750000]"
76.0,"750, 750000",71000.0,95963.33333333333,0.7398659210114975,Deal,"[5, 75, 300, 400, 75000, 500000]"
76.0,75000,82000.0,100156.0,0.8187227924437877,Deal,"[5, 75, 300, 400, 500000]"
76.0,300,119000.0,125120.0,0.9510869565217391,Deal,"[5, 75, 400, 500000]"
76.0,75,151000.0,166801.66666666666,0.9052667339455042,Deal,"[5, 400, 500000]"
78.0,"1000, 75, 5, 75000, 5000, 200000",25000.0,156866.80049999998,0.1593708797547637,Deal,"[0.01, 1, 10, 25, 50, 100, 200, 300, 400, 500, 750, 10000, 25000, 50000, 100000, 300000, 400000, 500000, 750000, 1000000]"
78.0,"10, 500, 400, 0.01, 50000",61000.0,205761.73333333334,0.2964593999661745,Deal,"[1, 25, 50, 100, 200, 300, 750, 10000, 25000, 100000, 300000, 400000, 500000, 750000, 1000000]"
78.0,"100000, 300, 750, 100",169000.0,271388.7272727273,0.6227229911070199,Deal,"[1, 25, 50, 200, 10000, 25000, 300000, 400000, 500000, 750000, 1000000]"
78.0,"25000, 25, 200",292000.0,370006.375,0.7891755919070313,Deal,"[1, 50, 10000, 300000, 400000, 500000, 750000, 1000000]"
78.0,"10000, 300000",411000.0,441675.1666666667,0.9305481290737423,Deal,"[1, 50, 400000, 500000, 750000, 1000000]"
78.0,750000,347000.0,380010.2,0.913133384314421,Deal,"[1, 50, 400000, 500000, 1000000]"
78.0,400000,377000.0,375012.75,1.0052991531621258,Deal,"[1, 50, 500000, 1000000]"
78.0,500000,313000.0,333350.3333333333,0.9389521134422145,Deal,"[1, 50, 1000000]"
79.0,"50, 5, 500, 750000, 50000, 10",22000.0,130892.55049999998,0.1680767921165995,Deal,"[0.01, 1, 25, 75, 100, 200, 300, 400, 750, 1000, 5000, 10000, 25000, 75000, 100000, 200000, 300000, 400000, 500000, 1000000]"
79.0,"1000, 1000000, 1, 25, 400",37000.0,107761.66733333333,0.34335029250753796,Deal,"[0.01, 75, 100, 200, 300, 750, 5000, 10000, 25000, 75000, 100000, 200000, 300000, 400000, 500000]"
79.0,"5000, 300000, 75, 25000",45000.0,116940.91,0.3848097299738817,Deal,"[0.01, 100, 200, 300, 750, 10000, 75000, 100000, 200000, 400000, 500000]"
79.0,"100000, 200, 10000",71000.0,147018.75125,0.4829315947546521,Deal,"[0.01, 100, 300, 750, 75000, 200000, 400000, 500000]"
79.0,"75000, 0.01",115000.0,183525.0,0.6266176270262906,Deal,"[100, 300, 750, 200000, 400000, 500000]"
79.0,300,149000.0,220170.0,0.6767497842576191,Deal,"[100, 750, 200000, 400000, 500000]"
79.0,750,264000.0,275025.0,0.9599127352058904,Deal,"[100, 200000, 400000, 500000]"
79.0,400000,201000.0,233366.66666666666,0.8613055277817455,Deal,"[100, 200000, 500000]"
79.0,100,352000.0,350000.0,1.0057142857142858,Deal,"[200000, 500000]"
80.0,"25, 5, 400, 75, 300000, 5000",26000.0,155645.55049999998,0.1670462144049534,No Deal,"[0.01, 1, 10, 50, 100, 200, 300, 500, 750, 1000, 10000, 25000, 50000, 75000, 100000, 200000, 400000, 500000, 750000, 1000000]"
80.0,"750, 500, 200, 100000, 10000",66000.0,200097.40066666665,0.3298393671287438,No Deal,"[0.01, 1, 10, 50, 100, 300, 1000, 25000, 50000, 75000, 200000, 400000, 500000, 750000, 1000000]"
80.0,"50, 50000, 25000, 1",119000.0,266037.2736363636,0.44730574168586856,No Deal,"[0.01, 10, 100, 300, 1000, 75000, 200000, 400000, 500000, 750000, 1000000]"
80.0,"400000, 1000, 0.01",218000.0,315676.25,0.6905809353728701,No Deal,"[10, 100, 300, 75000, 200000, 500000, 750000, 1000000]"
80.0,"200000, 1000000",152000.0,220901.66666666666,0.6880889686964788,No Deal,"[10, 100, 300, 75000, 500000, 750000]"
80.0,750000,73000.0,115082.0,0.6343303036096001,No Deal,"[10, 100, 300, 75000, 500000]"
80.0,75000,85000.0,125102.5,0.6794428568573769,No Deal,"[10, 100, 300, 500000]"
80.0,300,147000.0,166703.33333333334,0.8818060026794105,No Deal,"[10, 100, 500000]"
80.0,500000,50.0,55.0,0.9090909090909091,No Deal,"[10, 100]"
81.0,"1, 300, 500000, 10, 200, 400",27000.0,145875.2505,0.18508965645272363,Deal,"[0.01, 5, 25, 50, 75, 100, 500, 750, 1000, 5000, 10000, 25000, 50000, 75000, 100000, 200000, 300000, 400000, 750000, 1000000]"
81.0,"75, 750, 0.01, 100, 5000",71000.0,194105.33333333334,0.36578077882112114,Deal,"[5, 25, 50, 500, 1000, 10000, 25000, 50000, 75000, 100000, 200000, 300000, 400000, 750000, 1000000]"
81.0,"1000, 25, 75000, 750000",111000.0,189595.9090909091,0.5854556700734337,Deal,"[5, 50, 500, 10000, 25000, 50000, 100000, 200000, 300000, 400000, 1000000]"
81.0,"100000, 25000, 5",198000.0,245068.75,0.8079365484175359,Deal,"[50, 500, 10000, 50000, 200000, 300000, 400000, 1000000]"
81.0,"1000000, 200000",75000.0,126758.33333333333,0.5916770758004076,Deal,"[50, 500, 10000, 50000, 300000, 400000]"
81.0,10000,106000.0,150110.0,0.7061488241955899,Deal,"[50, 500, 50000, 300000, 400000]"
81.0,400000,85000.0,87637.5,0.9699044358864641,Deal,"[50, 500, 50000, 300000]"
81.0,50000,85000.0,100183.33333333333,0.8484445183829646,Deal,"[50, 500, 300000]"
81.0,500,140000.0,150025.0,0.9331778036993834,Deal,"[50, 300000]"
82.0,"400, 100, 750000, 10, 10000, 50000",17000.0,130395.30049999998,0.13037279667912574,Deal,"[0.01, 1, 5, 25, 50, 75, 200, 300, 500, 750, 1000, 5000, 25000, 75000, 100000, 200000, 300000, 400000, 500000, 1000000]"
82.0,"500000, 200, 100000, 1000, 75",25000.0,133775.40066666665,0.1868803971089832,Deal,"[0.01, 1, 5, 25, 50, 300, 500, 750, 5000, 25000, 75000, 200000, 300000, 400000, 1000000]"
82.0,"200000, 1, 1000000, 500",15000.0,73284.54636363637,0.20468162449379596,Deal,"[0.01, 5, 25, 50, 300, 750, 5000, 25000, 75000, 300000, 400000]"
82.0,"300000, 750, 50",31000.0,63166.25125,0.490768399050751,Deal,"[0.01, 5, 25, 300, 5000, 25000, 75000, 400000]"
82.0,"75000, 25000",43000.0,67555.00166666666,0.6365183767172828,Deal,"[0.01, 5, 25, 300, 5000, 400000]"
82.0,0.01,54000.0,81066.0,0.6661238990452224,Deal,"[5, 25, 300, 5000, 400000]"
82.0,5000,75000.0,100082.5,0.7493817600479604,Deal,"[5, 25, 300, 400000]"
82.0,25,136000.0,133435.0,1.019222842582531,Deal,"[5, 300, 400000]"
82.0,300,201000.0,200002.5,1.0049874376570294,Deal,"[5, 400000]"
83.0,"1000000, 500, 400, 50, 100000, 25",20000.0,115872.05049999998,0.1726041777434499,Deal,"[0.01, 1, 5, 10, 75, 100, 200, 300, 750, 1000, 5000, 10000, 25000, 50000, 75000, 200000, 300000, 400000, 500000, 750000]"
83.0,"400000, 300, 25000, 750000, 1",17000.0,76142.66733333333,0.22326509689473184,Deal,"[0.01, 5, 10, 75, 100, 200, 750, 1000, 5000, 10000, 50000, 75000, 200000, 300000, 500000]"
83.0,"10, 200000, 100, 300000",22000.0,58366.36454545455,0.37692942110291694,Deal,"[0.01, 5, 75, 200, 750, 1000, 5000, 10000, 50000, 75000, 500000]"
83.0,"75000, 75, 200",39000.0,70844.37625,0.5505024119680918,Deal,"[0.01, 5, 750, 1000, 5000, 10000, 50000, 500000]"
83.0,"1000, 500000",8000.0,10959.168333333333,0.729982399820181,Deal,"[0.01, 5, 750, 5000, 10000, 50000]"
83.0,750,12000.0,13001.002,0.9230057806313697,Deal,"[0.01, 5, 5000, 10000, 50000]"
83.0,5,15000.0,16250.0025,0.9230767810651106,Deal,"[0.01, 5000, 10000, 50000]"
83.0,0.01,24000.0,21666.666666666668,1.1076923076923075,Deal,"[5000, 10000, 50000]"
83.0,5000,31000.0,30000.0,1.0333333333333334,Deal,"[10000, 50000]"
,,,,,,
,,,,,,
,,,,,,
,,,,,,
,,,,,,
,,,,,,
,,,,,,
,,,,,,
,,,,,,
,,,,,,
,,,,,,
,,,,,,
,,,,,,
,,,,,,
,,,,,,
,,,,,,
,,,,,,
,,,,,,
,,,,,,
,,,,,,
,,,,,,
,,,,,,
,,,,,,
,,,,,,
,,,,,,
,,,,,,
,,,,,,
,,,,,,
,,,,,,
,,,,,,
,,,,,,
,,,,,,
,,,,,,
,,,,,,
,,,,,,
,,,,,,
,,,,,,
,,,,,,
,,,,,,
,,,,,,
,,,,,,
,,,,,,
,,,,,,
,,,,,,
,,,,,,
,,,,,,
,,,,,,
,,,,,,
,,,,,,
,,,,,,
,,,,,,
,,,,,,
,,,,,,
,,,,,,
,,,,,,
,,,,,,
,,,,,,
,,,,,,
,,,,,,
,,,,,,
,,,,,,
,,,,,,
,,,,,,
,,,,,,
,,,,,,
,,,,,,
,,,,,,
,,,,,,
,,,,,,
,,,,,,
,,,,,,
,,,,,,
,,,,,,
,,,,,,
,,,,,,
,,,,,,
,,,,,,
,,,,,,
,,,,,,
,,,,,,
,,,,,,
,,,,,,
,,,,,,
,,,,,,
,,,,,,
,,,,,,
,,,,,,
,,,,,,
,,,,,,
,,,,,,
,,,,,,
,,,,,,
,,,,,,
,,,,,,
,,,,,,
,,,,,,
,,,,,,
,,,,,,
,,,,,,
,,,,,,
,,,,,,
,,,,,,
,,,,,,
,,,,,,
,,,,,,
,,,,,,
,,,,,,
,,,,,,
,,,,,,
,,,,,,
,,,,,,
,,,,,,
,,,,,,
,,,,,,
,,,,,,
,,,,,,
,,,,,,
,,,,,,
,,,,,,
,,,,,,
,,,,,,
,,,,,,
,,,,,,
,,,,,,
,,,,,,
,,,,,,
,,,,,,
,,,,,,
,,,,,,
,,,,,,
,,,,,,
,,,,,,
,,,,,,
,,,,,,
,,,,,,
,,,,,,
,,,,,,
,,,,,,
,,,,,,
,,,,,,
,,,,,,
,,,,,,
,,,,,,
,,,,,,
,,,,,,
,,,,,,
,,,,,,
,,,,,,
,,,,,,
,,,,,,
,,,,,,
,,,,,,
,,,,,,
,,,,,,
,,,,,,
,,,,,,
,,,,,,
,,,,,,
,,,,,,
,,,,,,
,,,,,,
,,,,,,
,,,,,,
,,,,,,
,,,,,,
,,,,,,
,,,,,,
,,,,,,
,,,,,,
,,,,,,
,,,,,,
,,,,,,
,,,,,,
,,,,,,
,,,,,,
,,,,,,
,,,,,,
,,,,,,
,,,,,,
,,,,,,
,,,,,,
,,,,,,
,,,,,,
,,,,,,
,,,,,,
,,,,,,
,,,,,,
,,,,,,
,,,,,,
,,,,,,
,,,,,,
,,,,,,
,,,,,,
,,,,,,
,,,,,,
,,,,,,
,,,,,,
,,,,,,
,,,,,,
,,,,,,
,,,,,,
,,,,,,
,,,,,,
,,,,,,
,,,,,,
,,,,,,
,,,,,,
,,,,,,
,,,,,,
,,,,,,
,,,,,,
,,,,,,
,,,,,,
,,,,,,
,,,,,,
,,,,,,
,,,,,,
,,,,,,
,,,,,,
,,,,,,
,,,,,,
,,,,,,
,,,,,,
,,,,,,
,,,,,,
,,,,,,
,,,,,,
,,,,,,
,,,,,,
,,,,,,
,,,,,,
,,,,,,
,,,,,,
,,,,,,
,,,,,,
,,,,,,
,,,,,,
,,,,,,
,,,,,,
,,,,,,
,,,,,,
,,,,,,
,,,,,,
,,,,,,
,,,,,,
,,,,,,
,,,,,,
,,,,,,
,,,,,,
,,,,,,
,,,,,,
,,,,,,
,,,,,,
,,,,,,
,,,,,,
,,,,,,
,,,,,,
,,,,,,
,,,,,,
,,,,,,
,,,,,,
,,,,,,
,,,,,,
,,,,,,
,,,,,,
,,,,,,
,,,,,,
,,,,,,
,,,,,,
,,,,,,
,,,,,,
,,,,,,
,,,,,,
,,,,,,
,,,,,,
,,,,,,
,,,,,,
,,,,,,
,,,,,,
,,,,,,
,,,,,,
,,,,,,
,,,,,,
,,,,,,
,,,,,,
,,,,,,
,,,,,,
,,,,,,
,,,,,,
,,,,,,
,,,,,,
,,,,,,
,,,,,,
,,,,,,
,,,,,,
,,,,,,
,,,,,,
,,,,,,
,,,,,,
,,,,,,
,,,,,,
,,,,,,
,,,,,,
,,,,,,
,,,,,,
,,,,,,
,,,,,,
,,,,,,
,,,,,,
,,,,,,
,,,,,,
,,,,,,
,,,,,,
,,,,,,
,,,,,,
,,,,,,
,,,,,,
,,,,,,
,,,,,,
,,,,,,
,,,,,,
,,,,,,
,,,,,,
,,,,,,
,,,,,,
,,,,,,
,,,,,,
,,,,,,
,,,,,,
,,,,,,
