contestant_id,amounts_opened_per_round,bankers_offer,winnings,case_amount,decision
1,"25, 0.01, 200, 5, 400, 5000",21000,"$25,000.00",$500.00,Deal
1,"750000, 1000000, 100, 750, 400000",37000,"$25,000.00",$500.00,Deal
1,"50, 10, 100000, 75000",53000,"$25,000.00",$500.00,Deal
1,"1000, 1, 200000",77000,"$25,000.00",$500.00,Deal
1,"10000, 300000",63000,"$25,000.00",$500.00,Deal
1,25000,90000,"$25,000.00",$500.00,Deal
1,300,138000,"$25,000.00",$500.00,Deal
1,500000,17000,"$25,000.00",$500.00,Deal
1,75,25000,"$25,000.00",$500.00,Deal
2,"200, 200000, 25, 50000, 25000, 750000",7000,"$189,000.00","$10,000.00",Deal
2,"75000, 100000, 1000000, 400, 0.01",19000,"$189,000.00","$10,000.00",Deal
2,"1000, 100, 50, 75",36000,"$189,000.00","$10,000.00",Deal
2,"5, 500, 10",63000,"$189,000.00","$10,000.00",Deal
2,"5000, 1",99000,"$189,000.00","$10,000.00",Deal
2,300,162000,"$189,000.00","$10,000.00",Deal
2,750,240000,"$189,000.00","$10,000.00",Deal
2,500000,189000,"$189,000.00","$10,000.00",Deal
3,"100000, 300, 750, 200000, 50000, 10000",13000,"$201,000.00",$10.00,Deal
3,"50, 1000, 75000, 25000, 750000",27000,"$201,000.00",$10.00,Deal
3,"1, 400000, 100, 0.01",48000,"$201,000.00",$10.00,Deal
3,"25, 300000, 400",76000,"$201,000.00",$10.00,Deal
3,"200, 5",124000,"$201,000.00",$10.00,Deal
3,500000,121000,"$201,000.00",$10.00,Deal
3,500,201000,"$201,000.00",$10.00,Deal
4,"500, 400, 0.01, 300000, 750000, 25",11000,"$99,000.00",$50.00,Deal
4,"10, 1000000, 750, 1, 100000",19000,"$99,000.00",$50.00,Deal
4,"1000, 25000, 75, 75000",37000,"$99,000.00",$50.00,Deal
4,"50000, 400000, 300",32000,"$99,000.00",$50.00,Deal
4,"100, 500000",25000,"$99,000.00",$50.00,Deal
4,10000,37000,"$99,000.00",$50.00,Deal
4,5000,50000,"$99,000.00",$50.00,Deal
4,200,67000,"$99,000.00",$50.00,Deal
4,5,99000,"$99,000.00",$50.00,Deal
5,"300000, 500, 0.01, 75000, 750, 10000",9000,"$267,000.00",$200.00,Deal
5,"200000, 50000, 100000, 400, 1",28000,"$267,000.00",$200.00,Deal
5,"10, 5000, 400000, 5",58000,"$267,000.00",$200.00,Deal
5,"750000, 1000, 75",75000,"$267,000.00",$200.00,Deal
5,"100, 25000",113000,"$267,000.00",$200.00,Deal
5,25,199000,"$267,000.00",$200.00,Deal
5,300,275000,"$267,000.00",$200.00,Deal
5,500000,267000,"$267,000.00",$200.00,Deal
6,"300000, 5, 0.01, 200000, 100, 500000",9000,"$23,000.00","$50,000.00",Deal
6,"25000, 100000, 500, 750, 400000",19000,"$23,000.00","$50,000.00",Deal
6,"1000, 1000000, 750000, 75",12000,"$23,000.00","$50,000.00",Deal
6,"50, 400, 10000",15000,"$23,000.00","$50,000.00",Deal
6,"5000, 300",19000,"$23,000.00","$50,000.00",Deal
6,1,23000,"$23,000.00","$50,000.00",Deal
6,10,28000,"$23,000.00","$50,000.00",Deal
6,25,35000,"$23,000.00","$50,000.00",Deal
6,75000,23000,"$23,000.00","$50,000.00",Deal
7,"300000, 1000000, 500000, 25000, 5, 25",4000,"$85,000.00",$75.00,Deal
7,"500, 5000, 200000, 400000, 1000",13000,"$85,000.00",$75.00,Deal
7,"300, 100, 0.01, 750000",9000,"$85,000.00",$75.00,Deal
7,"200, 50, 10000",18000,"$85,000.00",$75.00,Deal
7,"750, 10",26000,"$85,000.00",$75.00,Deal
7,50000,22000,"$85,000.00",$75.00,Deal
7,1,40000,"$85,000.00",$75.00,Deal
7,400,55000,"$85,000.00",$75.00,Deal
7,75,85000,"$85,000.00",$75.00,Deal
8,"0.01, 1, 400000, 25, 500, 10",25000,"$25,000.00","$25,000.00",No Deal
8,"75, 750000, 300, 200000, 500000",15000,"$25,000.00","$25,000.00",No Deal
8,"1000000, 400, 750, 5",21000,"$25,000.00","$25,000.00",No Deal
8,"300000, 1000, 10000",13000,"$25,000.00","$25,000.00",No Deal
8,"50, 200",30000,"$25,000.00","$25,000.00",No Deal
8,100000,16000,"$25,000.00","$25,000.00",No Deal
8,75000,12000,"$25,000.00","$25,000.00",No Deal
8,100,24000,"$25,000.00","$25,000.00",No Deal
8,5000,38000,"$25,000.00","$25,000.00",No Deal
9,"300, 100, 1000, 10, 500000, 5",21000,"$50,000.00","$5,000.00",Deal
9,"75000, 300000, 400, 1000000, 25000",17000,"$50,000.00","$5,000.00",Deal
9,"100000, 75, 500, 200",33000,"$50,000.00","$5,000.00",Deal
9,"10000, 25, 400000",56000,"$50,000.00","$5,000.00",Deal
9,"0.01, 50000",82000,"$50,000.00","$5,000.00",Deal
9,750000,37000,"$50,000.00","$5,000.00",Deal
9,1,50000,"$50,000.00","$5,000.00",Deal
9,750,75000,"$50,000.00","$5,000.00",Deal
10,"100, 500, 500000, 400, 10000, 25",19000,"$19,000.00",$0.01,Deal
10,"25000, 10, 75000, 5000, 200",35000,"$19,000.00",$0.01,Deal
10,"1000, 300, 5, 1",126000,"$19,000.00",$0.01,Deal
10,"1000000, 50, 100000",98000,"$19,000.00",$0.01,Deal
10,"300000, 400000",60000,"$19,000.00",$0.01,Deal
10,200000,48000,"$19,000.00",$0.01,Deal
10,750000,14000,"$19,000.00",$0.01,Deal
10,75,19000,"$19,000.00",$0.01,Deal
11,"100, 400000, 400, 75000, 25, 100000",15000,"$202,000.00","$50,000.00",Deal
11,"300, 25000, 300000, 0.01, 1",37000,"$202,000.00","$50,000.00",Deal
11,"750, 10000, 750000, 10",66000,"$202,000.00","$50,000.00",Deal
11,"200000, 1000, 5",110000,"$202,000.00","$50,000.00",Deal
11,"5000, 50",198000,"$202,000.00","$50,000.00",Deal
11,1000000,85000,"$202,000.00","$50,000.00",Deal
11,75,139000,"$202,000.00","$50,000.00",Deal
11,200,202000,"$202,000.00","$50,000.00",Deal
11,500,300000,"$202,000.00","$50,000.00",Deal
12,"25, 100, 5, 400, 10, 25000",22000,"$5,000.00","$5,000.00",No Deal
12,"1, 200000, 50, 10000, 75",71000,"$5,000.00","$5,000.00",No Deal
12,"400000, 500, 300, 200",187000,"$5,000.00","$5,000.00",No Deal
12,"500000, 750000, 100000",107000,"$5,000.00","$5,000.00",No Deal
12,"50000, 300000",95000,"$5,000.00","$5,000.00",No Deal
12,750,123000,"$5,000.00","$5,000.00",No Deal
12,1000000,19000,"$5,000.00","$5,000.00",No Deal
12,75000,2000,"$5,000.00","$5,000.00",No Deal
12,1000,2800,"$5,000.00","$5,000.00",No Deal
13,"500, 75, 75000, 1000000, 1000, 50000",13000,"$221,000.00","$400,000.00",Deal
13,"750, 10000, 300, 200, 5000",37000,"$221,000.00","$400,000.00",Deal
13,"0.01, 400, 25000, 750000",52000,"$221,000.00","$400,000.00",Deal
13,"100, 5, 500000",88000,"$221,000.00","$400,000.00",Deal
13,"100000, 10",109000,"$221,000.00","$400,000.00",Deal
13,25,164000,"$221,000.00","$400,000.00",Deal
13,50,221000,"$221,000.00","$400,000.00",Deal
13,1,330000,"$221,000.00","$400,000.00",Deal
14,"750, 1000, 25000, 5, 50, 1",26000,"$109,000.00","$500,000.00",Deal
14,"75000, 400000, 10000, 100000, 10",48000,"$109,000.00","$500,000.00",Deal
14,"100, 25, 200, 750000",39000,"$109,000.00","$500,000.00",Deal
14,"75, 50000, 500",90000,"$109,000.00","$500,000.00",Deal
14,"300, 5000",179000,"$109,000.00","$500,000.00",Deal
14,300000,199000,"$109,000.00","$500,000.00",Deal
14,1000000,109000,"$109,000.00","$500,000.00",Deal
14,200000,183000,"$109,000.00","$500,000.00",Deal
14,0.01,225000,"$109,000.00","$500,000.00",Deal
15,"100000, 50000, 0.01, 10000, 75000, 300000",9000,$750.00,$750.00,No Deal
15,"5, 5000, 400000, 1000000, 500000",7000,$750.00,$750.00,No Deal
15,"1000, 25, 200000, 10",16000,$750.00,$750.00,No Deal
15,"50, 25000, 750000",250,$750.00,$750.00,No Deal
15,"200, 1",300,$750.00,$750.00,No Deal
15,300,350,$750.00,$750.00,No Deal
15,100,400,$750.00,$750.00,No Deal
15,400,450,$750.00,$750.00,No Deal
15,75,650,$750.00,$750.00,No Deal
16,"750, 0.01, 50, 10000, 400000, 400",19000,$8.00,$5.00,Deal
16,"25, 1000000, 1, 500, 200000",28000,$8.00,$5.00,Deal
16,"1000, 25000, 750000, 50000",34000,$8.00,$5.00,Deal
16,"100000, 75, 75000",55000,$8.00,$5.00,Deal
16,"100, 500000",34000,$8.00,$5.00,Deal
16,5000,52000,$8.00,$5.00,Deal
16,300,76000,$8.00,$5.00,Deal
16,300000,50,$8.00,$5.00,Deal
16,200,8,$8.00,$5.00,Deal
17,"25000, 75, 500, 1, 750, 10",26000,$50.00,$5.00,Deal
17,"100000, 75000, 500000, 50, 750000",19000,$50.00,$5.00,Deal
17,"400000, 25, 50000, 1000000",15000,$50.00,$5.00,Deal
17,"0.01, 5000, 10000",38000,$50.00,$5.00,Deal
17,"1000, 300000",20000,$50.00,$5.00,Deal
17,200000,100,$50.00,$5.00,Deal
17,200,150,$50.00,$5.00,Deal
17,300,125,$50.00,$5.00,Deal
17,400,50,$50.00,$5.00,Deal
18,"25000, 25, 300, 100000, 5, 1000000",9000,"$69,000.00",$750.00,Deal
18,"100, 400, 1000, 50, 200",21000,"$69,000.00",$750.00,Deal
18,"50000, 75000, 1, 500000",74000,"$69,000.00",$750.00,Deal
18,"750000, 0.01, 300000",48000,"$69,000.00",$750.00,Deal
18,"200000, 10",35000,"$69,000.00",$750.00,Deal
18,5000,69000,"$69,000.00",$750.00,Deal
19,"100, 10, 1000000, 200000, 50, 0.01",13000,"$94,000.00","$400,000.00",Deal
19,"500000, 750000, 5, 75, 50000",17000,"$94,000.00","$400,000.00",Deal
19,"1000, 100000, 5000, 750",31000,"$94,000.00","$400,000.00",Deal
19,"25000, 300, 25",60000,"$94,000.00","$400,000.00",Deal
19,"75000, 1",94000,"$94,000.00","$400,000.00",Deal
19,200,112000,"$94,000.00","$400,000.00",Deal
19,400,130000,"$94,000.00","$400,000.00",Deal
19,500,209000,"$94,000.00","$400,000.00",Deal
19,10000,347000,"$94,000.00","$400,000.00",Deal
20,"300, 25, 10, 200, 25000, 5",22000,"$21,000.00","$1,000.00",Deal
20,"50, 750, 1, 10000, 500000",67000,"$21,000.00","$1,000.00",Deal
20,"1000000, 0.01, 500, 100",130000,"$21,000.00","$1,000.00",Deal
20,"750000, 200000, 75",91000,"$21,000.00","$1,000.00",Deal
20,"400, 100000",103000,"$21,000.00","$1,000.00",Deal
20,400000,55000,"$21,000.00","$1,000.00",Deal
20,75000,80000,"$21,000.00","$1,000.00",Deal
20,300000,21000,"$21,000.00","$1,000.00",Deal
21,"0.01, 400, 300000, 25000, 10000, 100",12000,"$252,000.00","$750,000.00",Deal
21,"750, 75000, 10, 1000000, 1000",21000,"$252,000.00","$750,000.00",Deal
21,"500, 1, 500000, 400000",17000,"$252,000.00","$750,000.00",Deal
21,"5000, 300, 200",45935,"$252,000.00","$750,000.00",Deal
21,"75, 50",99000,"$252,000.00","$750,000.00",Deal
21,5,148990,"$252,000.00","$750,000.00",Deal
21,200000,126000,"$252,000.00","$750,000.00",Deal
21,25,252000,"$252,000.00","$750,000.00",Deal
21,100000,440000,"$252,000.00","$750,000.00",Deal
22,"200000, 5000, 75, 1000000, 50000, 5",9000,"$375,000.00","$400,000.00",Deal
22,"1000, 300000, 400, 500000, 25",16000,"$375,000.00","$400,000.00",Deal
22,"100, 75000, 25000, 500",31000,"$375,000.00","$400,000.00",Deal
22,"10000, 1, 50",73000,"$375,000.00","$400,000.00",Deal
22,"750, 200",145000,"$375,000.00","$400,000.00",Deal
22,100000,172000,"$375,000.00","$400,000.00",Deal
22,300,199000,"$375,000.00","$400,000.00",Deal
22,10,375000,"$375,000.00","$400,000.00",Deal
23,"5000, 75000, 1000000, 5, 50000, 400000",6000,"$96,000.00",$400.00,Deal
23,"25000, 300000, 1000, 100000, 750",11000,"$96,000.00",$400.00,Deal
23,"300, 500, 50, 200000",26000,"$96,000.00",$400.00,Deal
23,"10, 500000, 25",21000,"$96,000.00",$400.00,Deal
23,"1, 75",63000,"$96,000.00",$400.00,Deal
23,10000,96000,"$96,000.00",$400.00,Deal
23,0.01,175000,"$96,000.00",$400.00,Deal
23,200,210000,"$96,000.00",$400.00,Deal
23,100,400000,"$96,000.00",$400.00,Deal
24,"400, 5000, 0.01, 200, 100000, 50000",21000,"$47,925.00","$200,000.00",Deal
24,"1000000, 10, 10000, 400000, 25000",18000,"$47,925.00","$200,000.00",Deal
24,"300000, 100, 75, 750000",26000,"$47,925.00","$200,000.00",Deal
24,"750, 1, 500000",9000,"$47,925.00","$200,000.00",Deal
24,"25, 5",29000,"$47,925.00","$200,000.00",Deal
24,300,47925,"$47,925.00","$200,000.00",Deal
25,"400000, 750, 0.01, 10, 100, 300",22000,"$211,000.00","$200,000.00",Deal
25,"75, 500000, 25, 1, 200",50000,"$211,000.00","$200,000.00",Deal
25,"5, 750000, 300000, 400",44000,"$211,000.00","$200,000.00",Deal
25,"50, 10000, 1000",87000,"$211,000.00","$200,000.00",Deal
25,"50000, 5000",131000,"$211,000.00","$200,000.00",Deal
25,25000,211000,"$211,000.00","$200,000.00",Deal
25,100000,340000,"$211,000.00","$200,000.00",Deal
25,500,468000,"$211,000.00","$200,000.00",Deal
25,75000,660000,"$211,000.00","$200,000.00",Deal
26,"200, 0.01, 300000, 1000, 750000, 75",14000,"$119,000.00","$200,000.00",Deal
26,"50000, 400000, 400, 25000, 100",36000,"$119,000.00","$200,000.00",Deal
26,"500, 750, 10, 5000",61000,"$119,000.00","$200,000.00",Deal
26,"1, 50, 100000",88000,"$119,000.00","$200,000.00",Deal
26,"5, 75000",127000,"$119,000.00","$200,000.00",Deal
26,500000,119000,"$119,000.00","$200,000.00",Deal
27,"400, 5000, 200000, 500000, 1000, 25000",14000,"$301,000.00",$25.00,Deal
27,"50000, 500, 100, 10, 750",31000,"$301,000.00",$25.00,Deal
27,"10000, 300, 100000, 750000",27000,"$301,000.00",$25.00,Deal
27,"75000, 5, 0.01",83000,"$301,000.00",$25.00,Deal
27,"1, 75",160000,"$301,000.00",$25.00,Deal
27,300000,148000,"$301,000.00",$25.00,Deal
27,200,301000,"$301,000.00",$25.00,Deal
28,"50000, 200000, 5, 400000, 10000, 75000",8000,"$167,000.00",$1.00,Deal
28,"400, 750, 1000000, 200, 50",13000,"$167,000.00",$1.00,Deal
28,"300000, 5000, 25000, 500000",19000,"$167,000.00",$1.00,Deal
28,"300, 10, 75",71000,"$167,000.00",$1.00,Deal
28,"500, 25",99000,"$167,000.00",$1.00,Deal
28,100,167000,"$167,000.00",$1.00,Deal
28,100000,142000,"$167,000.00",$1.00,Deal
29,"750000, 400, 750, 10000, 300000, 200",15000,"$464,000.00","$400,000.00",Deal
29,"200000, 500, 25000, 75000, 0.01",33000,"$464,000.00","$400,000.00",Deal
29,"50, 75, 100, 5",102000,"$464,000.00","$400,000.00",Deal
29,"1, 50000, 1000",185000,"$464,000.00","$400,000.00",Deal
29,"10, 25",303000,"$464,000.00","$400,000.00",Deal
29,100000,349000,"$464,000.00","$400,000.00",Deal
29,300,464000,"$464,000.00","$400,000.00",Deal
29,500000,430000,"$464,000.00","$400,000.00",Deal
30,"100000, 50000, 1, 300000, 25, 200000",11000,"$215,000.00","$1,000,000.00",Deal
30,"750, 500, 75000, 300, 0.01",37000,"$215,000.00","$1,000,000.00",Deal
30,"75, 25000, 400000, 10",48000,"$215,000.00","$1,000,000.00",Deal
30,"200, 100, 5000",175000,"$215,000.00","$1,000,000.00",Deal
30,"5, 750000",149000,"$215,000.00","$1,000,000.00",Deal
30,50,263000,"$215,000.00","$1,000,000.00",Deal
30,10000,357000,"$215,000.00","$1,000,000.00",Deal
30,500000,215000,"$215,000.00","$1,000,000.00",Deal
30,1000,500000,"$215,000.00","$1,000,000.00",Deal
31,"10000, 0.01, 1, 500, 1000, 200",29000,"$124,000.00","$300,000.00",Deal
31,"25, 400000, 400, 10, 5",66000,"$124,000.00","$300,000.00",Deal
31,"50000, 1000000, 300, 500000",43000,"$124,000.00","$300,000.00",Deal
31,"750000, 750, 75000",37000,"$124,000.00","$300,000.00",Deal
31,"100000, 100",50000,"$124,000.00","$300,000.00",Deal
31,50,81000,"$124,000.00","$300,000.00",Deal
31,25000,124000,"$124,000.00","$300,000.00",Deal
31,200000,63000,"$124,000.00","$300,000.00",Deal
31,75,140000,"$124,000.00","$300,000.00",Deal
32,"750, 50000, 400000, 500000, 75, 1000000",5000,"$25,000.00","$100,000.00",Deal
32,"200000, 5000, 75000, 400, 50",16000,"$25,000.00","$100,000.00",Deal
32,"100, 25, 10, 200",60000,"$25,000.00","$100,000.00",Deal
32,"750000, 5, 300",42000,"$25,000.00","$100,000.00",Deal
32,"0.01, 300000",19000,"$25,000.00","$100,000.00",Deal
32,1000,25000,"$25,000.00","$100,000.00",Deal
32,10000,34000,"$25,000.00","$100,000.00",Deal
32,25000,37000,"$25,000.00","$100,000.00",Deal
32,1,51000,"$25,000.00","$100,000.00",Deal
33,"10000, 500000, 1, 400000, 50000, 1000",9000,"$100,000.00","$75,000.00",Deal
33,"75, 1000000, 300000, 25, 10",9000,"$100,000.00","$75,000.00",Deal
33,"750000, 50, 100, 5000",15000,"$100,000.00","$75,000.00",Deal
33,"25000, 5, 200",40000,"$100,000.00","$75,000.00",Deal
33,"300, 750",57000,"$100,000.00","$75,000.00",Deal
33,400,68000,"$100,000.00","$75,000.00",Deal
33,0.01,100000,"$100,000.00","$75,000.00",Deal
33,100000,75000,"$100,000.00","$75,000.00",Deal
34,"1000000, 500, 200, 750, 10, 300",13000,"$9,000.00",$5.00,Deal
34,"400000, 10000, 0.01, 750000, 200000",8000,"$9,000.00",$5.00,Deal
34,"25, 75, 50, 1",52000,"$9,000.00",$5.00,Deal
34,"5000, 500000, 50000",37000,"$9,000.00",$5.00,Deal
34,"300000, 100000",15000,"$9,000.00",$5.00,Deal
34,1000,20000,"$9,000.00",$5.00,Deal
34,75000,6000,"$9,000.00",$5.00,Deal
34,400,9000,"$9,000.00",$5.00,Deal
35,"100, 50, 100000, 75, 200000, 50000",14000,"$340,000.00","$300,000.00",Deal
35,"5, 75000, 5000, 500, 25000",83000,"$340,000.00","$300,000.00",Deal
35,"300, 500000, 10, 400000",76000,"$340,000.00","$300,000.00",Deal
35,"0.01, 1, 750000",61000,"$340,000.00","$300,000.00",Deal
35,"200, 25",122000,"$340,000.00","$300,000.00",Deal
35,750,237000,"$340,000.00","$300,000.00",Deal
35,10000,340000,"$340,000.00","$300,000.00",Deal
35,400,477000,"$340,000.00","$300,000.00",Deal
36,"200, 100000, 5000, 10, 5, 750",23000,"$25,000.00","$50,000.00",Deal
36,"200000, 750000, 0.01, 75000, 1000",31000,"$25,000.00","$50,000.00",Deal
36,"400, 75, 500, 25",74000,"$25,000.00","$50,000.00",Deal
36,"400000, 100, 50",92000,"$25,000.00","$50,000.00",Deal
36,"300, 25000",186000,"$25,000.00","$50,000.00",Deal
36,10000,299000,"$25,000.00","$50,000.00",Deal
36,1000000,144000,"$25,000.00","$50,000.00",Deal
36,500000,70000,"$25,000.00","$50,000.00",Deal
36,300000,25000,"$25,000.00","$50,000.00",Deal
37,"10, 100000, 25, 50000, 5, 0.01",26000,"$70,000.00","$1,000.00",Deal
37,"5000, 50, 200000, 400, 75000",61000,"$70,000.00","$1,000.00",Deal
37,"750, 400000, 750000, 100",49000,"$70,000.00","$1,000.00",Deal
37,"200, 1, 1000000",42000,"$70,000.00","$1,000.00",Deal
37,"300000, 500",55000,"$70,000.00","$1,000.00",Deal
37,25000,70000,"$70,000.00","$1,000.00",Deal
37,75,136000,"$70,000.00","$1,000.00",Deal
37,10000,184000,"$70,000.00","$1,000.00",Deal
37,300,266000,"$70,000.00","$1,000.00",Deal
38,"50, 0.01, 200, 500000, 25000, 10",16000,"$94,000.00",$5.00,Deal
38,"200000, 50000, 10000, 1000, 500",43000,"$94,000.00",$5.00,Deal
38,"75000, 1000000, 25, 1",37000,"$94,000.00",$5.00,Deal
38,"75, 400, 5000",106000,"$94,000.00",$5.00,Deal
38,"750000, 100",88000,"$94,000.00",$5.00,Deal
38,400000,61000,"$94,000.00",$5.00,Deal
38,100000,49000,"$94,000.00",$5.00,Deal
38,750,94000,"$94,000.00",$5.00,Deal
39,"10000, 500000, 1000000, 300, 1, 10",11000,"$137,000.00",$75.00,Deal
39,"400, 200000, 750, 500, 25000",24000,"$137,000.00",$75.00,Deal
39,"100, 100000, 200, 50000",50000,"$137,000.00",$75.00,Deal
39,"25, 5000, 300000",62000,"$137,000.00",$75.00,Deal
39,"75000, 750000",33000,"$137,000.00",$75.00,Deal
39,0.01,68000,"$137,000.00",$75.00,Deal
39,1000,90000,"$137,000.00",$75.00,Deal
39,50,137000,"$137,000.00",$75.00,Deal
40,"50000, 10000, 5, 300, 750, 200",20000,"$102,000.00",$0.01,Deal
40,"100000, 1000000, 25000, 75, 400000",29000,"$102,000.00",$0.01,Deal
40,"400, 100, 500, 200000",51000,"$102,000.00",$0.01,Deal
40,"5000, 1, 500000",67000,"$102,000.00",$0.01,Deal
40,"75000, 50",102000,"$102,000.00",$0.01,Deal
40,10,152000,"$102,000.00",$0.01,Deal
41,"750000, 400000, 500000, 200, 5000, 400",7500,"$21,000.00","$50,000.00",Deal
41,"75, 10, 1000, 0.01, 1000000",9000,"$21,000.00","$50,000.00",Deal
41,"500, 1, 100, 75000",21000,"$21,000.00","$50,000.00",Deal
41,"25, 100000, 10000",27000,"$21,000.00","$50,000.00",Deal
41,"300000, 750",18000,"$21,000.00","$50,000.00",Deal
41,25000,33000,"$21,000.00","$50,000.00",Deal
41,5,54000,"$21,000.00","$50,000.00",Deal
41,200000,15000,"$21,000.00","$50,000.00",Deal
41,300,21000,"$21,000.00","$50,000.00",Deal
42,"100, 75000, 75, 300, 200000, 25",19000,"$7,000.00",$400.00,Deal
42,"5000, 100000, 0.01, 500, 1000000",31000,"$7,000.00",$400.00,Deal
42,"750, 1, 50, 400000",44000,"$7,000.00",$400.00,Deal
42,"1000, 500000, 50000",52000,"$7,000.00",$400.00,Deal
42,"300000, 750000",4000,"$7,000.00",$400.00,Deal
42,10000,5000,"$7,000.00",$400.00,Deal
42,10,7000,"$7,000.00",$400.00,Deal
43,"0.01, 400000, 50000, 500000, 750, 1",17000,"$50,000.00",$50.00,Deal
43,"75000, 1000, 200000, 100, 500",33000,"$50,000.00",$50.00,Deal
43,"300, 300000, 25000, 750000",26000,"$50,000.00",$50.00,Deal
43,"75, 10000, 10",54000,"$50,000.00",$50.00,Deal
43,"5, 400",97000,"$50,000.00",$50.00,Deal
43,1000000,17000,"$50,000.00",$50.00,Deal
43,25,22000,"$50,000.00",$50.00,Deal
43,5000,35000,"$50,000.00",$50.00,Deal
43,200,50000,"$50,000.00",$50.00,Deal
44,"750, 300000, 100000, 200, 75, 10",18000,"$105,000.00",$400.00,Deal
44,"0.01, 1000000, 750000, 25000, 500",13000,"$105,000.00",$400.00,Deal
44,"1, 5, 200000, 500000",19000,"$105,000.00",$400.00,Deal
44,"1000, 75000, 5000",30000,"$105,000.00",$400.00,Deal
44,"100, 300",54000,"$105,000.00",$400.00,Deal
44,50000,66000,"$105,000.00",$400.00,Deal
44,50,105000,"$105,000.00",$400.00,Deal
44,10000,142000,"$105,000.00",$400.00,Deal
44,25,215000,"$105,000.00",$400.00,Deal
45,"1000000, 5000, 50, 500, 100000, 100",9000,"$9,000.00","$25,000.00",Deal
45,"500000, 1, 0.01, 25, 10",29000,"$9,000.00","$25,000.00",Deal
45,"10000, 750000, 200, 400000",None,"$9,000.00","$25,000.00",Deal
45,"750, 50000, 200000",18000,"$9,000.00","$25,000.00",Deal
45,"75000, 300000",4000,"$9,000.00","$25,000.00",Deal
45,5,5000,"$9,000.00","$25,000.00",Deal
45,300,7000,"$9,000.00","$25,000.00",Deal
45,1000,9000,"$9,000.00","$25,000.00",Deal
45,75,14000,"$9,000.00","$25,000.00",Deal
46,"750, 500000, 200000, 0.01, 5, 75",20000,"$15,000.00",$1.00,Deal
46,"25000, 50000, 300, 25, 100",48000,"$15,000.00",$1.00,Deal
46,"300000, 1000, 100000, 1000000",31000,"$15,000.00",$1.00,Deal
46,"10, 200, 400000",42000,"$15,000.00",$1.00,Deal
46,"750000, 50",15000,"$15,000.00",$1.00,Deal
47,"25, 750000, 500000, 300000, 5, 50",8000,"$104,000.00",$1.00,Deal
47,"400, 1000000, 750, 0.01, 75",16000,"$104,000.00",$1.00,Deal
47,"50000, 100, 500, 100000",16001,"$104,000.00",$1.00,Deal
47,"75000, 1000, 10",51000,"$104,000.00",$1.00,Deal
47,"25000, 10000",83000,"$104,000.00",$1.00,Deal
47,200,104000,"$104,000.00",$1.00,Deal
48,"1, 750, 10, 200000, 300000, 500000",11000,"$131,000.00",$400.00,Deal
48,"75, 1000, 0.01, 50000, 750000",26000,"$131,000.00",$400.00,Deal
48,"100, 50, 5, 500",93000,"$131,000.00",$400.00,Deal
48,"300, 400000, 200",131000,"$131,000.00",$400.00,Deal
49,"0.01, 1, 100, 50000, 500, 750000",22000,"$193,000.00","$500,000.00",Deal
49,"10000, 5000, 400000, 25, 10",48000,"$193,000.00","$500,000.00",Deal
49,"25000, 200, 50, 400",89000,"$193,000.00","$500,000.00",Deal
49,"750, 1000, 200000",116000,"$193,000.00","$500,000.00",Deal
49,"100000, 300000",109000,"$193,000.00","$500,000.00",Deal
49,5,193000,"$193,000.00","$500,000.00",Deal
49,75000,410000,"$193,000.00","$500,000.00",Deal
49,300,540000,"$193,000.00","$500,000.00",Deal
50,"1, 25000, 5, 200, 10, 400000",15000,$750.00,$750.00,No Deal
50,"100000, 100, 50, 5000, 0.01",41000,$750.00,$750.00,No Deal
50,"25, 1000, 200000, 400",83000,$750.00,$750.00,No Deal
50,"75, 50000, 500",196000,$750.00,$750.00,No Deal
50,"1000000, 10000",155000,$750.00,$750.00,No Deal
50,750000,98000,$750.00,$750.00,No Deal
50,75000,139000,$750.00,$750.00,No Deal
50,300000,97000,$750.00,$750.00,No Deal
51,"1000000, 300000, 75, 0.01, 1000, 100000",10000,"$105,000.00","$10,000.00",Deal
51,"50, 1, 500000, 400000, 50000",8000,"$105,000.00","$10,000.00",Deal
51,"400, 10, 75000, 750",33000,"$105,000.00","$10,000.00",Deal
51,"200, 200000, 25000",56000,"$105,000.00","$10,000.00",Deal
51,"5, 100",105000,"$105,000.00","$10,000.00",Deal
51,500,147000,"$105,000.00","$10,000.00",Deal
51,300,182000,"$105,000.00","$10,000.00",Deal
51,25,271000,"$105,000.00","$10,000.00",Deal
51,5000,418000,"$105,000.00","$10,000.00",Deal
52,"10, 5, 25, 0.01, 5000, 300000",18000,"$321,000.00","$1,000.00",Deal
52,"10000, 750000, 100, 500, 200000",26000,"$321,000.00","$1,000.00",Deal
52,"50, 100000, 200, 750",62000,"$321,000.00","$1,000.00",Deal
52,"300, 75, 400",129000,"$321,000.00","$1,000.00",Deal
52,"1, 500000",188620,"$321,000.00","$1,000.00",Deal
52,75000,257000,"$321,000.00","$1,000.00",Deal
52,50000,321000,"$321,000.00","$1,000.00",Deal
52,25000,511000,"$321,000.00","$1,000.00",Deal
52,400000,551000,"$321,000.00","$1,000.00",Deal
53,"25000, 0.01, 750000, 1000000, 10, 200000",7000,"$13,000.00",$500.00,Deal
53,"100000, 750, 1, 75, 100",28000,"$13,000.00",$500.00,Deal
53,"75000, 500000, 300, 5000",22000,"$13,000.00",$500.00,Deal
53,"10000, 25, 400",49000,"$13,000.00",$500.00,Deal
53,"50, 300000",39000,"$13,000.00",$500.00,Deal
53,400000,8000,"$13,000.00",$500.00,Deal
53,1000,13000,"$13,000.00",$500.00,Deal
53,200,19000,"$13,000.00",$500.00,Deal
54,"0.01, 25000, 300, 50, 75000, 200",28000,"$186,000.00","$1,000,000.00",Deal
54,"1, 500, 5, 400, 500000",41000,"$186,000.00","$1,000,000.00",Deal
54,"25, 400000, 750, 5000",98800,"$186,000.00","$1,000,000.00",Deal
54,"100000, 1000, 10",206000,"$186,000.00","$1,000,000.00",Deal
54,"300000, 750000",173000,"$186,000.00","$1,000,000.00",Deal
54,200000,186000,"$186,000.00","$1,000,000.00",Deal
54,10000,286000,"$186,000.00","$1,000,000.00",Deal
54,75,385000,"$186,000.00","$1,000,000.00",Deal
54,50000,550000,"$186,000.00","$1,000,000.00",Deal
55,"5, 50, 1000000, 10, 500, 10000",15000,"$286,000.00","$500,000.00",Deal
55,"200000, 0.01, 400, 5000, 100000",29000,"$286,000.00","$500,000.00",Deal
55,"200, 300000, 750, 50000",51000,"$286,000.00","$500,000.00",Deal
55,"750000, 75000, 25",40000,"$286,000.00","$500,000.00",Deal
55,"1, 1000",74000,"$286,000.00","$500,000.00",Deal
55,75,99000,"$286,000.00","$500,000.00",Deal
55,300,163000,"$286,000.00","$500,000.00",Deal
55,25000,286000,"$286,000.00","$500,000.00",Deal
55,100,450000,"$286,000.00","$500,000.00",Deal
56,"25000, 400000, 25, 100000, 750000, 100",9000,"$172,000.00",$0.01,Deal
56,"200000, 50000, 10000, 500, 50",26000,"$172,000.00",$0.01,Deal
56,"300, 500000, 5000, 10",35000,"$172,000.00",$0.01,Deal
56,"200, 75000, 1000",61000,"$172,000.00",$0.01,Deal
56,"300000, 75",111000,"$172,000.00",$0.01,Deal
56,400,172000,"$172,000.00",$0.01,Deal
56,1,275000,"$172,000.00",$0.01,Deal
57,"10000, 0.01, 5000, 1, 750, 75000",24000,"$53,000.00","$1,000.00",Deal
57,"75, 200, 10, 25, 400",62000,"$53,000.00","$1,000.00",Deal
57,"25000, 1000000, 750000, 500",42000,"$53,000.00","$1,000.00",Deal
57,"300, 50000, 300000",72000,"$53,000.00","$1,000.00",Deal
57,"500000, 5",62000,"$53,000.00","$1,000.00",Deal
57,100000,69000,"$53,000.00","$1,000.00",Deal
57,200000,53000,"$53,000.00","$1,000.00",Deal
58,"75, 100, 300, 10, 1, 300000",19000,"$185,000.00",$25.00,Deal
58,"25000, 500, 400000, 50000, 10000",41000,"$185,000.00",$25.00,Deal
58,"200, 0.01, 100000, 5000",82000,"$185,000.00",$25.00,Deal
58,"750, 1000, 500000",162000,"$185,000.00",$25.00,Deal
58,"400, 200000",237000,"$185,000.00",$25.00,Deal
58,1000000,103000,"$185,000.00",$25.00,Deal
58,75000,185000,"$185,000.00",$25.00,Deal
59,"100, 25, 10, 1000000, 750, 1",14000,"$76,000.00","$300,000.00",Deal
59,"50, 1000, 10000, 400000, 300",33000,"$76,000.00","$300,000.00",Deal
59,"500000, 200, 0.01, 400",74000,"$76,000.00","$300,000.00",Deal
59,"25000, 100000, 750000",40000,"$76,000.00","$300,000.00",Deal
59,"5, 200000",32000,"$76,000.00","$300,000.00",Deal
59,5000,57000,"$76,000.00","$300,000.00",Deal
59,75000,76000,"$76,000.00","$300,000.00",Deal
59,500,112000,"$76,000.00","$300,000.00",Deal
59,50000,163000,"$76,000.00","$300,000.00",Deal
60,"400000, 750000, 5, 400, 5000, 300000",8000,"$265,000.00","$1,000,000.00",Deal
60,"75000, 25, 750, 200, 25000",34000,"$265,000.00","$1,000,000.00",Deal
60,"1000, 1, 50000, 75",63000,"$265,000.00","$1,000,000.00",Deal
60,"500, 200000, 100",130000,"$265,000.00","$1,000,000.00",Deal
60,"100000, 10",189000,"$265,000.00","$1,000,000.00",Deal
60,0.01,265000,"$265,000.00","$1,000,000.00",Deal
60,500000,231000,"$265,000.00","$1,000,000.00",Deal
60,50,361000,"$265,000.00","$1,000,000.00",Deal
60,300,500000,"$265,000.00","$1,000,000.00",Deal
61,"1, 100, 5, 75000, 50, 400000",24000,"$28,000.00",$10.00,Deal
61,"500000, 25, 500, 1000, 400",46000,"$28,000.00",$10.00,Deal
61,"75, 5000, 750000, 1000000",19000,"$28,000.00",$10.00,Deal
61,"750, 10000, 0.01",37000,"$28,000.00",$10.00,Deal
61,"200000, 300000",24000,"$28,000.00",$10.00,Deal
61,100000,13000,"$28,000.00",$10.00,Deal
61,300,21000,"$28,000.00",$10.00,Deal
61,200,28000,"$28,000.00",$10.00,Deal
62,"1, 10, 50, 400, 5000, 300000",19000,"$247,000.00","$400,000.00",Deal
62,"50000, 25, 0.01, 100000, 25000",50000,"$247,000.00","$400,000.00",Deal
62,"500000, 500, 750, 75",91000,"$247,000.00","$400,000.00",Deal
62,"5, 75000, 100",178000,"$247,000.00","$400,000.00",Deal
62,"750000, 1000",162000,"$247,000.00","$400,000.00",Deal
62,300,222000,"$247,000.00","$400,000.00",Deal
62,200000,247000,"$247,000.00","$400,000.00",Deal
62,200,517000,"$247,000.00","$400,000.00",Deal
63,"10, 500000, 50, 1, 400000, 200000",7500,"$59,000.00","$25,000.00",Deal
63,"100000, 100, 300, 75000, 400",34000,"$59,000.00","$25,000.00",Deal
63,"1000, 1000000, 50000, 25",23000,"$59,000.00","$25,000.00",Deal
63,"750000, 750, 5",16000,"$59,000.00","$25,000.00",Deal
63,"0.01, 500",47000,"$59,000.00","$25,000.00",Deal
63,5000,59000,"$59,000.00","$25,000.00",Deal
63,200,68000,"$59,000.00","$25,000.00",Deal
63,10000,81000,"$59,000.00","$25,000.00",Deal
64,"10000, 5, 500000, 100000, 25000, 100",17000,"$83,000.00",$400.00,Deal
64,"50, 400000, 75, 0.01, 10",41000,"$83,000.00",$400.00,Deal
64,"750000, 1000, 75000, 1000000",19000,"$83,000.00",$400.00,Deal
64,"5000, 750, 500",52000,"$83,000.00",$400.00,Deal
64,"300, 25",76000,"$83,000.00",$400.00,Deal
64,200000,60000,"$83,000.00",$400.00,Deal
64,1,83000,"$83,000.00",$400.00,Deal
64,200,115000,"$83,000.00",$400.00,Deal
65,"500, 0.01, 1000000, 50000, 1, 75",11000,"$100,000.00","$100,000.00",No Deal
65,"1000, 300, 500000, 25000, 100",29000,"$100,000.00","$100,000.00",No Deal
65,"5000, 10, 5, 400",91000,"$100,000.00","$100,000.00",No Deal
65,"300000, 10000, 750",136000,"$100,000.00","$100,000.00",No Deal
65,"200, 50",195000,"$100,000.00","$100,000.00",No Deal
65,200000,177000,"$100,000.00","$100,000.00",No Deal
65,25,261000,"$100,000.00","$100,000.00",No Deal
65,750000,144000,"$100,000.00","$100,000.00",No Deal
65,400000,83000,"$100,000.00","$100,000.00",No Deal
66,"50, 1000, 0.01, 300000, 100000, 25",15000,"$97,000.00","$750,000.00",Deal
66,"50000, 500, 5000, 400, 100",32000,"$97,000.00","$750,000.00",Deal
66,"10, 300, 400000, 10000",64000,"$97,000.00","$750,000.00",Deal
66,"200, 200000, 500000",102000,"$97,000.00","$750,000.00",Deal
66,"75, 1000000",71000,"$97,000.00","$750,000.00",Deal
66,5,97000,"$97,000.00","$750,000.00",Deal
66,75000,211000,"$97,000.00","$750,000.00",Deal
66,750,261000,"$97,000.00","$750,000.00",Deal
66,25000,413000,"$97,000.00","$750,000.00",Deal
67,"400000, 300, 200000, 50, 750, 200",23000,"$83,755.00",$1.00,Deal
67,"10, 25, 5000, 75, 500",55000,"$83,755.00",$1.00,Deal
67,"0.01, 100000, 500000, 75000",70000,"$83,755.00",$1.00,Deal
68,"50, 1000, 200, 500, 300, 75000",20000,"$83,755.00",$1.00,Deal
68,"1000000, 75, 400, 5000, 300000",43000,"$83,755.00",$1.00,Deal
68,"25000, 400000, 10000, 25",88000,"$83,755.00",$1.00,Deal
68,"75, 100000, 750000",36000,"$83,755.00",$1.00,Deal
68,"200000, 10",83755,"$83,755.00",$1.00,Deal
69,"500, 1000000, 750, 75, 300, 10",12000,"$59,000.00","$10,000.00",Deal
69,"50, 400, 1000, 200, 1",66000,"$59,000.00","$10,000.00",Deal
69,"500000, 100, 50000, 200000",51000,"$59,000.00","$10,000.00",Deal
69,"0.01, 25, 75000",94000,"$59,000.00","$10,000.00",Deal
69,"100000, 5",137000,"$59,000.00","$10,000.00",Deal
69,750000,85000,"$59,000.00","$10,000.00",Deal
69,400000,59000,"$59,000.00","$10,000.00",Deal
69,5000,94000,"$59,000.00","$10,000.00",Deal
70,"1000000, 400000, 10, 500000, 200000, 400",4000,"$33,000.00","$100,000.00",Deal
70,"1000, 750, 300, 300000, 750000",7000,"$33,000.00","$100,000.00",Deal
70,"100, 0.01, 1, 5000",11000,"$33,000.00","$100,000.00",Deal
70,"75000, 200, 50",17000,"$33,000.00","$100,000.00",Deal
70,"50000, 5",22000,"$33,000.00","$100,000.00",Deal
70,500,26000,"$33,000.00","$100,000.00",Deal
70,25,33000,"$33,000.00","$100,000.00",Deal
70,10000,41000,"$33,000.00","$100,000.00",Deal
70,25000,50000,"$33,000.00","$100,000.00",Deal
71,"300000, 100, 1000000, 750000, 500000, 100000",5000,"$46,000.00",$500.00,Deal
71,"400000, 75, 750, 10000, 75000",9000,"$46,000.00",$500.00,Deal
71,"5, 1, 1000, 10",15000,"$46,000.00",$500.00,Deal
71,"5000, 400, 0.01",24000,"$46,000.00",$500.00,Deal
71,"25000, 25",37000,"$46,000.00",$500.00,Deal
71,50,46000,"$46,000.00",$500.00,Deal
71,300,61000,"$46,000.00",$500.00,Deal
71,50000,72000,"$46,000.00",$500.00,Deal
72,"750000, 400000, 750, 25, 1000000, 50",8000,$200.00,$200.00,No Deal
72,"25000, 1000, 100, 1, 500",19000,$200.00,$200.00,No Deal
72,"300000, 100000, 5000, 200000",14000,$200.00,$200.00,No Deal
72,"75000, 10, 300",40000,$200.00,$200.00,No Deal
72,"75, 500000",9000,$200.00,$200.00,No Deal
72,0.01,11000,$200.00,$200.00,No Deal
72,50000,2500,$200.00,$200.00,No Deal
72,10000,200,$200.00,$200.00,No Deal
72,400,100,$200.00,$200.00,No Deal
73,"500000, 100, 1, 400, 1000000, 50000",13000,"$170,000.00",$500.00,Deal
73,"75, 0.01, 100000, 1000, 75000",34000,"$170,000.00",$500.00,Deal
73,"300, 200, 10000, 5",58000,"$170,000.00",$500.00,Deal
73,"200000, 300000, 400000",41000,"$170,000.00",$500.00,Deal
73,"25000, 5000",86000,"$170,000.00",$500.00,Deal
73,10,106000,"$170,000.00",$500.00,Deal
73,25,170000,"$170,000.00",$500.00,Deal
73,50,249000,"$170,000.00",$500.00,Deal
73,750,413000,"$170,000.00",$500.00,Deal
74,"25, 75, 5, 750, 1000, 400",33000,"$59,000.00",$1.00,Deal
74,"100000, 200000, 500000, 10, 200",26000,"$59,000.00",$1.00,Deal
74,"10000, 750000, 5000, 100",44000,"$59,000.00",$1.00,Deal
74,"1000000, 400000, 75000",22000,"$59,000.00",$1.00,Deal
74,"0.01, 500",51000,"$59,000.00",$1.00,Deal
74,50000,59000,"$59,000.00",$1.00,Deal
74,25000,79000,"$59,000.00",$1.00,Deal
75,"750000, 500, 50, 50000, 300000, 200",17000,"$61,000.00","$400,000.00",Deal
75,"750, 500000, 25, 0.01, 1000000",10000,"$61,000.00","$400,000.00",Deal
75,"5000, 10000, 300, 75000",29000,"$61,000.00","$400,000.00",Deal
75,"1000, 200000, 1",34000,"$61,000.00","$400,000.00",Deal
75,"400, 100",48000,"$61,000.00","$400,000.00",Deal
75,10,72000,"$61,000.00","$400,000.00",Deal
75,100000,61000,"$61,000.00","$400,000.00",Deal
75,75,124000,"$61,000.00","$400,000.00",Deal
75,25000,200000,"$61,000.00","$400,000.00",Deal
76,"500, 1, 400000, 50, 0.01, 1000000",21000,"$151,000.00",$5.00,Deal
76,"300000, 200, 10000, 1000, 200000",17000,"$151,000.00",$5.00,Deal
76,"50000, 25, 100, 100000",46000,"$151,000.00",$5.00,Deal
76,"25000, 5000, 10",88000,"$151,000.00",$5.00,Deal
76,"750, 750000",71000,"$151,000.00",$5.00,Deal
76,75000,82000,"$151,000.00",$5.00,Deal
76,300,119000,"$151,000.00",$5.00,Deal
76,75,151000,"$151,000.00",$5.00,Deal
78,"1000, 75, 5, 75000, 5000, 200000",25000,"$313,000.00",$1.00,Deal
78,"10, 500, 400, 0.01, 50000",61000,"$313,000.00",$1.00,Deal
78,"100000, 300, 750, 100",169000,"$313,000.00",$1.00,Deal
78,"25000, 25, 200",292000,"$313,000.00",$1.00,Deal
78,"10000, 300000",411000,"$313,000.00",$1.00,Deal
78,750000,347000,"$313,000.00",$1.00,Deal
78,400000,377000,"$313,000.00",$1.00,Deal
78,500000,313000,"$313,000.00",$1.00,Deal
79,"50, 5, 500, 750000, 50000, 10",22000,"$264,000.00","$200,000.00",Deal
79,"1000, 1000000, 1, 25, 400",37000,"$264,000.00","$200,000.00",Deal
79,"5000, 300000, 75, 25000",45000,"$264,000.00","$200,000.00",Deal
79,"100000, 200, 10000",71000,"$264,000.00","$200,000.00",Deal
79,"75000, 0.01",115000,"$264,000.00","$200,000.00",Deal
79,300,149000,"$264,000.00","$200,000.00",Deal
79,750,264000,"$264,000.00","$200,000.00",Deal
79,400000,201000,"$264,000.00","$200,000.00",Deal
79,100,352000,"$264,000.00","$200,000.00",Deal
80,"25, 5, 400, 75, 300000, 5000",26000,$10.00,$10.00,No Deal
80,"750, 500, 200, 100000, 10000",66000,$10.00,$10.00,No Deal
80,"50, 50000, 25000, 1",119000,$10.00,$10.00,No Deal
80,"400000, 1000, 0.01",218000,$10.00,$10.00,No Deal
80,"200000, 1000000",152000,$10.00,$10.00,No Deal
80,750000,73000,$10.00,$10.00,No Deal
80,75000,85000,$10.00,$10.00,No Deal
80,300,147000,$10.00,$10.00,No Deal
80,500000,50,$10.00,$10.00,No Deal
81,"1, 300, 500000, 10, 200, 400",27000,"$85,000.00",$50.00,Deal
81,"75, 750, 0.01, 100, 5000",71000,"$85,000.00",$50.00,Deal
81,"1000, 25, 75000, 750000",111000,"$85,000.00",$50.00,Deal
81,"100000, 25000, 5",198000,"$85,000.00",$50.00,Deal
81,"1000000, 200000",75000,"$85,000.00",$50.00,Deal
81,10000,106000,"$85,000.00",$50.00,Deal
81,400000,85000,"$85,000.00",$50.00,Deal
81,50000,85000,"$85,000.00",$50.00,Deal
81,500,140000,"$85,000.00",$50.00,Deal
82,"400, 100, 750000, 10, 10000, 50000",17000,"$136,000.00",$5.00,Deal
82,"500000, 200, 100000, 1000, 75",25000,"$136,000.00",$5.00,Deal
82,"200000, 1, 1000000, 500",15000,"$136,000.00",$5.00,Deal
82,"300000, 750, 50",31000,"$136,000.00",$5.00,Deal
82,"75000, 25000",43000,"$136,000.00",$5.00,Deal
82,0.01,54000,"$136,000.00",$5.00,Deal
82,5000,75000,"$136,000.00",$5.00,Deal
82,25,136000,"$136,000.00",$5.00,Deal
82,300,201000,"$136,000.00",$5.00,Deal
83,"1000000, 500, 400, 50, 100000, 25",20000,"$24,000.00","$50,000.00",Deal
83,"400000, 300, 25000, 750000, 1",17000,"$24,000.00","$50,000.00",Deal
83,"10, 200000, 100, 300000",22000,"$24,000.00","$50,000.00",Deal
83,"75000, 75, 200",39000,"$24,000.00","$50,000.00",Deal
83,"1000, 500000",8000,"$24,000.00","$50,000.00",Deal
83,750,12000,"$24,000.00","$50,000.00",Deal
83,5,15000,"$24,000.00","$50,000.00",Deal
83,0.01,24000,"$24,000.00","$50,000.00",Deal
83,5000,31000,"$24,000.00","$50,000.00",Deal
,,,,,
,,,,,
,,,,,
,,,,,
,,,,,
,,,,,
,,,,,
,,,,,
,,,,,
,,,,,
,,,,,
,,,,,
,,,,,
,,,,,
,,,,,
,,,,,
,,,,,
,,,,,
,,,,,
,,,,,
,,,,,
,,,,,
,,,,,
,,,,,
,,,,,
,,,,,
,,,,,
,,,,,
,,,,,
,,,,,
,,,,,
,,,,,
,,,,,
,,,,,
,,,,,
,,,,,
,,,,,
,,,,,
,,,,,
,,,,,
,,,,,
,,,,,
,,,,,
,,,,,
,,,,,
,,,,,
,,,,,
,,,,,
,,,,,
,,,,,
,,,,,
,,,,,
,,,,,
,,,,,
,,,,,
,,,,,
,,,,,
,,,,,
,,,,,
,,,,,
,,,,,
,,,,,
,,,,,
,,,,,
,,,,,
,,,,,
,,,,,
,,,,,
,,,,,
,,,,,
,,,,,
,,,,,
,,,,,
,,,,,
,,,,,
,,,,,
,,,,,
,,,,,
,,,,,
,,,,,
,,,,,
,,,,,
,,,,,
,,,,,
,,,,,
,,,,,
,,,,,
,,,,,
,,,,,
,,,,,
,,,,,
,,,,,
,,,,,
,,,,,
,,,,,
,,,,,
,,,,,
,,,,,
,,,,,
,,,,,
,,,,,
,,,,,
,,,,,
,,,,,
,,,,,
,,,,,
,,,,,
,,,,,
,,,,,
,,,,,
,,,,,
,,,,,
,,,,,
,,,,,
,,,,,
,,,,,
,,,,,
,,,,,
,,,,,
,,,,,
,,,,,
,,,,,
,,,,,
,,,,,
,,,,,
,,,,,
,,,,,
,,,,,
,,,,,
,,,,,
,,,,,
,,,,,
,,,,,
,,,,,
,,,,,
,,,,,
,,,,,
,,,,,
,,,,,
,,,,,
,,,,,
,,,,,
,,,,,
,,,,,
,,,,,
,,,,,
,,,,,
,,,,,
,,,,,
,,,,,
,,,,,
,,,,,
,,,,,
,,,,,
,,,,,
,,,,,
,,,,,
,,,,,
,,,,,
,,,,,
,,,,,
,,,,,
,,,,,
,,,,,
,,,,,
,,,,,
,,,,,
,,,,,
,,,,,
,,,,,
,,,,,
,,,,,
,,,,,
,,,,,
,,,,,
,,,,,
,,,,,
,,,,,
,,,,,
,,,,,
,,,,,
,,,,,
,,,,,
,,,,,
,,,,,
,,,,,
,,,,,
,,,,,
,,,,,
,,,,,
,,,,,
,,,,,
,,,,,
,,,,,
,,,,,
,,,,,
,,,,,
,,,,,
,,,,,
,,,,,
,,,,,
,,,,,
,,,,,
,,,,,
,,,,,
,,,,,
,,,,,
,,,,,
,,,,,
,,,,,
,,,,,
,,,,,
,,,,,
,,,,,
,,,,,
,,,,,
,,,,,
,,,,,
,,,,,
,,,,,
,,,,,
,,,,,
,,,,,
,,,,,
,,,,,
,,,,,
,,,,,
,,,,,
,,,,,
,,,,,
,,,,,
,,,,,
,,,,,
,,,,,
,,,,,
,,,,,
,,,,,
,,,,,
,,,,,
,,,,,
,,,,,
,,,,,
,,,,,
,,,,,
,,,,,
,,,,,
,,,,,
,,,,,
,,,,,
,,,,,
,,,,,
,,,,,
,,,,,
,,,,,
,,,,,
,,,,,
,,,,,
,,,,,
,,,,,
,,,,,
,,,,,
,,,,,
,,,,,
,,,,,
,,,,,
,,,,,
,,,,,
,,,,,
,,,,,
,,,,,
,,,,,
,,,,,
,,,,,
,,,,,
,,,,,
,,,,,
,,,,,
,,,,,
,,,,,
,,,,,
,,,,,
,,,,,
,,,,,
,,,,,
,,,,,
,,,,,
,,,,,
,,,,,
,,,,,
,,,,,
,,,,,
,,,,,
,,,,,
,,,,,
,,,,,
,,,,,
,,,,,
,,,,,
,,,,,
,,,,,
,,,,,
,,,,,
,,,,,
,,,,,
,,,,,
,,,,,
,,,,,
,,,,,
,,,,,
,,,,,
,,,,,
,,,,,
,,,,,
,,,,,
,,,,,
,,,,,
,,,,,
,,,,,
,,,,,
,,,,,
,,,,,
,,,,,
,,,,,
,,,,,
,,,,,
,,,,,
,,,,,
,,,,,
,,,,,
,,,,,